openTime,close,high,low
1766722800000,88660.21000000,88771.65000000,88652.00000000
1766723100000,88713.66000000,88720.00000000,88660.21000000
1766723400000,88823.90000000,88830.12000000,88713.65000000
1766723700000,88869.91000000,88869.92000000,88820.43000000
1766724000000,89040.78000000,89081.77000000,88869.91000000
1766724300000,89057.84000000,89153.17000000,89022.00000000
1766724600000,89058.39000000,89058.39000000,89011.39000000
1766724900000,88969.24000000,89058.39000000,88963.03000000
1766725200000,88999.99000000,89014.00000000,88914.21000000
1766725500000,88954.53000000,89009.09000000,88938.00000000
1766725800000,88943.07000000,88986.06000000,88914.21000000
1766726100000,88846.84000000,88943.08000000,88846.83000000
1766726400000,88897.54000000,88930.00000000,88846.83000000
1766726700000,88915.78000000,88916.03000000,88895.15000000
1766727000000,88865.50000000,88915.79000000,88842.23000000
1766727300000,88846.00000000,88887.76000000,88831.02000000
1766727600000,88868.51000000,88868.52000000,88828.06000000
1766727900000,88937.40000000,88950.00000000,88866.28000000
1766728200000,88916.39000000,88937.41000000,88857.01000000
1766728500000,88996.58000000,89045.71000000,88916.38000000
1766728800000,89054.46000000,89081.35000000,88996.58000000
1766729100000,89053.22000000,89067.26000000,89044.31000000
1766729400000,89091.08000000,89161.54000000,89041.09000000
1766729700000,89116.39000000,89152.00000000,89081.80000000
1766730000000,89092.95000000,89116.39000000,89021.85000000
1766730300000,89081.26000000,89094.29000000,89081.22000000
1766730600000,89087.34000000,89098.14000000,89049.56000000
1766730900000,89135.42000000,89147.04000000,89066.00000000
1766731200000,89249.99000000,89250.00000000,89129.23000000
1766731500000,89149.74000000,89250.00000000,89110.95000000
1766731800000,89144.33000000,89165.32000000,89118.01000000
1766732100000,89124.24000000,89227.97000000,89124.23000000
1766732400000,89157.50000000,89186.74000000,89124.23000000
1766732700000,89193.00000000,89198.18000000,89157.50000000
1766733000000,89361.78000000,89380.00000000,89182.66000000
1766733300000,89380.29000000,89400.00000000,89277.72000000
1766733600000,89474.80000000,89520.00000000,89318.00000000
1766733900000,89422.18000000,89567.75000000,89417.34000000
1766734200000,89171.21000000,89422.18000000,89167.27000000
1766734500000,88878.46000000,89218.01000000,88829.88000000
1766734800000,88772.78000000,88985.29000000,88763.74000000
1766735100000,88623.60000000,88808.96000000,88617.43000000
1766735400000,88556.90000000,88626.90000000,88541.71000000
1766735700000,88470.75000000,88568.40000000,88347.45000000
1766736000000,88690.53000000,88886.00000000,88414.81000000
1766736300000,88606.09000000,88757.12000000,88585.71000000
1766736600000,88662.35000000,88664.54000000,88502.52000000
1766736900000,88640.11000000,88719.60000000,88626.00000000
1766737200000,88755.12000000,88782.00000000,88618.61000000
1766737500000,88725.50000000,88781.76000000,88692.74000000
1766737800000,88682.05000000,88725.51000000,88588.29000000
1766738100000,88619.11000000,88682.05000000,88614.16000000
1766738400000,88634.75000000,88636.00000000,88564.78000000
1766738700000,88692.74000000,88706.59000000,88597.23000000
1766739000000,88741.99000000,88742.00000000,88692.74000000
1766739300000,88742.28000000,88748.11000000,88718.46000000
1766739600000,88735.79000000,88786.00000000,88731.74000000
1766739900000,88696.42000000,88751.26000000,88649.63000000
1766740200000,88682.49000000,88696.43000000,88667.14000000
1766740500000,88690.52000000,88710.11000000,88682.49000000
1766740800000,88759.06000000,88863.02000000,88688.65000000
1766741100000,88744.02000000,88759.07000000,88698.00000000
1766741400000,88769.53000000,88769.54000000,88722.43000000
1766741700000,88750.68000000,88772.15000000,88750.68000000
1766742000000,88769.19000000,88769.20000000,88750.68000000
1766742300000,88879.45000000,88888.00000000,88769.19000000
1766742600000,88846.91000000,88918.59000000,88846.90000000
1766742900000,88811.76000000,88847.59000000,88786.62000000
1766743200000,88811.13000000,88844.22000000,88804.62000000
1766743500000,88792.67000000,88843.21000000,88755.29000000
1766743800000,88872.57000000,88882.01000000,88785.34000000
1766744100000,88750.69000000,88872.58000000,88716.75000000
1766744400000,88707.03000000,88750.69000000,88690.52000000
1766744700000,88820.93000000,88850.00000000,88707.02000000
1766745000000,88696.72000000,88820.93000000,88692.74000000
1766745300000,88699.99000000,88708.04000000,88684.71000000
1766745600000,88748.24000000,88787.98000000,88680.00000000
1766745900000,88835.64000000,88860.00000000,88748.23000000
1766746200000,88806.40000000,88835.65000000,88780.00000000
1766746500000,88748.34000000,88806.40000000,88738.73000000
1766746800000,88699.54000000,88748.35000000,88699.54000000
1766747100000,88711.44000000,88754.69000000,88692.74000000
1766747400000,88674.62000000,88711.43000000,88661.00000000
1766747700000,88683.47000000,88683.48000000,88650.28000000
1766748000000,88640.00000000,88685.99000000,88610.74000000
1766748300000,88603.55000000,88640.01000000,88603.54000000
1766748600000,88603.07000000,88660.00000000,88592.73000000
1766748900000,88607.39000000,88626.00000000,88551.67000000
1766749200000,88596.89000000,88615.71000000,88561.24000000
1766749500000,88552.62000000,88596.90000000,88532.00000000
1766749800000,88575.02000000,88611.73000000,88552.62000000
1766750100000,88533.42000000,88591.31000000,88533.42000000
1766750400000,88648.01000000,88648.01000000,88533.42000000
1766750700000,88612.32000000,88673.61000000,88612.31000000
1766751000000,88690.52000000,88726.59000000,88612.31000000
1766751300000,88638.72000000,88693.12000000,88638.72000000
1766751600000,88673.46000000,88678.42000000,88622.81000000
1766751900000,88702.30000000,88702.30000000,88664.26000000
1766752200000,88689.23000000,88702.30000000,88663.99000000
1766752500000,88715.50000000,88720.00000000,88644.50000000
1766752800000,88737.20000000,88761.45000000,88715.49000000
1766753100000,88722.28000000,88756.18000000,88692.74000000
1766753400000,88699.97000000,88722.29000000,88690.51000000
1766753700000,88678.90000000,88699.98000000,88664.13000000
1766754000000,88702.07000000,88715.21000000,88618.14000000
1766754300000,88757.99000000,88758.00000000,88692.74000000
1766754600000,88833.70000000,88833.70000000,88757.99000000
1766754900000,88836.01000000,88839.00000000,88807.67000000
1766755200000,88803.34000000,88836.01000000,88756.20000000
1766755500000,88770.66000000,88803.34000000,88760.00000000
1766755800000,88839.34000000,88839.34000000,88763.44000000
1766756100000,88953.79000000,88960.00000000,88828.86000000
1766756400000,88918.10000000,89031.23000000,88915.36000000
1766756700000,89023.65000000,89050.00000000,88905.33000000
1766757000000,89002.99000000,89044.70000000,88962.51000000
1766757300000,88992.88000000,89040.09000000,88991.31000000
1766757600000,89030.61000000,89030.62000000,88905.00000000
1766757900000,88926.16000000,89049.88000000,88919.94000000
1766758200000,88951.59000000,88973.63000000,88926.16000000
1766758500000,88977.29000000,88993.29000000,88924.89000000
1766758800000,89011.89000000,89011.91000000,88967.11000000
1766759100000,88967.93000000,89011.89000000,88954.52000000
1766759400000,88822.02000000,89049.86000000,88801.72000000
1766759700000,88564.00000000,88911.23000000,88555.00000000
1766760000000,88405.94000000,88645.49000000,88274.90000000
1766760300000,88006.61000000,88440.00000000,87926.16000000
1766760600000,87592.13000000,88023.34000000,87592.12000000
1766760900000,87380.43000000,87592.13000000,87345.88000000
1766761200000,87246.00000000,87381.00000000,86932.44000000
1766761500000,87075.43000000,87261.84000000,86952.61000000
1766761800000,86776.13000000,87075.43000000,86771.13000000
1766762100000,86908.69000000,87028.01000000,86655.08000000
1766762400000,87016.00000000,87119.07000000,86731.58000000
1766762700000,87007.97000000,87021.33000000,86821.91000000
1766763000000,87141.47000000,87165.80000000,86915.81000000
1766763300000,87014.01000000,87157.08000000,86986.78000000
1766763600000,87039.15000000,87039.93000000,86892.61000000
1766763900000,87160.69000000,87211.57000000,86967.60000000
1766764200000,87026.88000000,87187.92000000,87001.00000000
1766764500000,87137.81000000,87148.74000000,87008.00000000
1766764800000,87229.05000000,87259.31000000,87130.46000000
1766765100000,87176.52000000,87229.06000000,87092.62000000
1766765400000,87012.66000000,87176.53000000,87012.65000000
1766765700000,87192.64000000,87192.64000000,87012.66000000
1766766000000,87241.56000000,87321.40000000,87192.63000000
1766766300000,87259.31000000,87259.31000000,87129.96000000
1766766600000,87210.00000000,87321.41000000,87164.41000000
1766766900000,87305.69000000,87379.18000000,87209.99000000
1766767200000,87283.85000000,87380.00000000,87273.45000000
1766767500000,87272.98000000,87300.85000000,87192.63000000
1766767800000,87224.36000000,87286.34000000,87186.92000000
1766768100000,86855.82000000,87225.56000000,86850.38000000
1766768400000,87017.64000000,87017.64000000,86818.18000000
1766768700000,87020.27000000,87086.85000000,87000.00000000
1766769000000,86992.62000000,87031.83000000,86932.33000000
1766769300000,87054.84000000,87098.41000000,86992.62000000
1766769600000,87061.99000000,87063.13000000,86985.03000000
1766769900000,87298.03000000,87321.41000000,87054.84000000
1766770200000,87250.40000000,87423.59000000,87240.00000000
1766770500000,87318.01000000,87385.04000000,87203.59000000
1766770800000,87384.70000000,87463.77000000,87300.00000000
1766771100000,87410.11000000,87429.57000000,87361.53000000
1766771400000,87322.51000000,87453.88000000,87268.68000000
1766771700000,87331.91000000,87360.00000000,87277.11000000
1766772000000,87275.29000000,87361.68000000,87230.92000000
1766772300000,87269.07000000,87331.90000000,87237.28000000
1766772600000,87336.00000000,87380.00000000,87269.06000000
1766772900000,87350.00000000,87350.00000000,87288.86000000
1766773200000,87360.68000000,87372.18000000,87292.64000000
1766773500000,87215.44000000,87360.68000000,87215.43000000
1766773800000,87284.57000000,87295.71000000,87215.43000000
1766774100000,87287.39000000,87322.97000000,87215.32000000
1766774400000,87218.68000000,87295.59000000,87209.11000000
1766774700000,87315.47000000,87315.48000000,87117.11000000
1766775000000,87312.06000000,87349.09000000,87260.42000000
1766775300000,87277.77000000,87322.20000000,87259.30000000
1766775600000,87349.99000000,87350.00000000,87252.83000000
1766775900000,87346.82000000,87388.27000000,87282.90000000
1766776200000,87316.64000000,87363.94000000,87316.63000000
1766776500000,87368.37000000,87373.01000000,87246.00000000
1766776800000,87357.94000000,87402.65000000,87357.94000000
1766777100000,87371.69000000,87394.05000000,87355.98000000
1766777400000,87413.97000000,87425.84000000,87361.53000000
1766777700000,87421.57000000,87463.77000000,87413.96000000
1766778000000,87481.27000000,87481.27000000,87405.77000000
1766778300000,87484.80000000,87580.29000000,87474.00000000
1766778600000,87476.66000000,87509.60000000,87463.76000000
1766778900000,87501.83000000,87520.00000000,87429.99000000
1766779200000,87437.50000000,87566.00000000,87399.71000000
1766779500000,87503.04000000,87516.59000000,87406.01000000
1766779800000,87528.20000000,87528.20000000,87463.76000000
1766780100000,87528.68000000,87540.05000000,87512.60000000
1766780400000,87609.47000000,87614.21000000,87513.63000000
1766780700000,87612.72000000,87641.64000000,87603.85000000
1766781000000,87601.49000000,87612.73000000,87565.99000000
1766781300000,87650.05000000,87660.57000000,87565.99000000
1766781600000,87687.01000000,87687.01000000,87592.66000000
1766781900000,87692.68000000,87792.70000000,87683.51000000
1766782200000,87683.41000000,87760.92000000,87650.00000000
1766782500000,87585.77000000,87694.63000000,87565.99000000
1766782800000,87668.23000000,87697.81000000,87585.76000000
1766783100000,87592.04000000,87668.23000000,87550.37000000
1766783400000,87653.60000000,87653.60000000,87592.03000000
1766783700000,87622.35000000,87660.00000000,87621.84000000
1766784000000,87577.00000000,87640.89000000,87565.99000000
1766784300000,87579.89000000,87590.61000000,87549.44000000
1766784600000,87513.30000000,87579.89000000,87472.48000000
1766784900000,87542.27000000,87556.37000000,87492.65000000
1766785200000,87498.12000000,87542.27000000,87491.65000000
1766785500000,87530.40000000,87530.41000000,87498.11000000
1766785800000,87522.50000000,87550.00000000,87505.64000000
1766786100000,87470.59000000,87528.29000000,87460.57000000
1766786400000,87521.18000000,87521.18000000,87470.58000000
1766786700000,87564.97000000,87564.97000000,87521.17000000
1766787000000,87471.00000000,87592.67000000,87471.00000000
1766787300000,87512.75000000,87512.76000000,87471.00000000
1766787600000,87415.93000000,87525.90000000,87399.43000000
1766787900000,87434.33000000,87448.44000000,87414.33000000
1766788200000,87479.78000000,87525.22000000,87427.25000000
1766788500000,87484.69000000,87484.69000000,87444.51000000
1766788800000,87412.50000000,87492.00000000,87321.40000000
1766789100000,87463.76000000,87463.77000000,87321.40000000
1766789400000,87444.35000000,87516.97000000,87444.35000000
1766789700000,87550.00000000,87550.00000000,87441.84000000
1766790000000,87503.58000000,87550.09000000,87498.01000000
1766790300000,87494.88000000,87524.17000000,87476.06000000
1766790600000,87487.42000000,87494.88000000,87480.47000000
1766790900000,87498.88000000,87547.38000000,87472.94000000
1766791200000,87477.72000000,87498.88000000,87463.76000000
1766791500000,87451.52000000,87506.75000000,87451.52000000
1766791800000,87429.45000000,87468.17000000,87425.07000000
1766792100000,87402.75000000,87484.46000000,87402.74000000
1766792400000,87360.00000000,87402.75000000,87340.00000000
1766792700000,87346.23000000,87360.00000000,87331.85000000
1766793000000,87347.84000000,87405.07000000,87343.69000000
1766793300000,87369.56000000,87372.99000000,87347.83000000
1766793600000,87344.08000000,87392.10000000,87334.95000000
1766793900000,87350.21000000,87357.69000000,87332.71000000
1766794200000,87321.02000000,87402.00000000,87279.80000000
1766794500000,87339.20000000,87359.61000000,87321.01000000
1766794800000,87292.30000000,87339.21000000,87253.05000000
1766795100000,87316.65000000,87316.66000000,87291.76000000
1766795400000,87361.53000000,87374.58000000,87316.65000000
1766795700000,87377.62000000,87377.63000000,87361.53000000
1766796000000,87384.58000000,87392.65000000,87369.12000000
1766796300000,87391.41000000,87392.65000000,87373.61000000
1766796600000,87392.65000000,87394.00000000,87389.80000000
1766796900000,87401.07000000,87414.26000000,87392.64000000
1766797200000,87359.53000000,87401.08000000,87353.41000000
1766797500000,87382.80000000,87386.01000000,87359.52000000
1766797800000,87394.90000000,87394.90000000,87380.32000000
1766798100000,87372.54000000,87394.90000000,87333.00000000
1766798400000,87378.78000000,87378.78000000,87365.11000000
1766798700000,87389.76000000,87393.59000000,87378.00000000
1766799000000,87406.10000000,87406.11000000,87389.75000000
1766799300000,87440.63000000,87492.66000000,87406.10000000
1766799600000,87434.98000000,87462.31000000,87434.97000000
1766799900000,87449.98000000,87449.99000000,87434.50000000
1766800200000,87430.01000000,87449.99000000,87417.77000000
1766800500000,87475.03000000,87475.03000000,87430.00000000
1766800800000,87394.34000000,87492.66000000,87392.64000000
1766801100000,87463.77000000,87469.87000000,87394.33000000
1766801400000,87480.51000000,87480.56000000,87463.76000000
1766801700000,87429.81000000,87480.51000000,87429.80000000
1766802000000,87438.02000000,87452.13000000,87413.11000000
1766802300000,87442.80000000,87442.80000000,87434.45000000
1766802600000,87433.54000000,87449.38000000,87403.23000000
1766802900000,87428.72000000,87433.54000000,87415.19000000
1766803200000,87452.13000000,87452.13000000,87428.72000000
1766803500000,87462.33000000,87462.33000000,87441.10000000
1766803800000,87451.83000000,87462.33000000,87451.83000000
1766804100000,87446.02000000,87451.84000000,87435.75000000
1766804400000,87463.68000000,87482.02000000,87446.01000000
1766804700000,87420.33000000,87463.69000000,87406.44000000
1766805000000,87387.34000000,87433.93000000,87387.33000000
1766805300000,87395.56000000,87395.56000000,87386.97000000
1766805600000,87411.65000000,87411.66000000,87395.55000000
1766805900000,87426.69000000,87426.69000000,87395.55000000
1766806200000,87474.99000000,87475.00000000,87426.68000000
1766806500000,87492.65000000,87511.73000000,87474.99000000
1766806800000,87504.38000000,87508.40000000,87492.65000000
1766807100000,87518.56000000,87518.56000000,87501.06000000
1766807400000,87509.26000000,87532.00000000,87509.25000000
1766807700000,87514.22000000,87514.23000000,87509.25000000
1766808000000,87508.38000000,87516.84000000,87481.54000000
1766808300000,87481.72000000,87508.39000000,87481.72000000
1766808600000,87499.55000000,87499.55000000,87481.72000000
1766808900000,87481.55000000,87499.55000000,87481.16000000
1766809200000,87481.54000000,87481.55000000,87481.54000000
1766809500000,87463.33000000,87481.55000000,87463.32000000
1766809800000,87463.32000000,87463.33000000,87463.32000000
1766810100000,87494.25000000,87494.26000000,87463.32000000
1766810400000,87500.00000000,87500.00000000,87494.25000000
1766810700000,87473.66000000,87500.00000000,87473.66000000
1766811000000,87470.01000000,87484.28000000,87470.00000000
1766811300000,87470.19000000,87470.20000000,87470.00000000
1766811600000,87481.92000000,87481.92000000,87470.19000000
1766811900000,87446.20000000,87481.92000000,87446.19000000
1766812200000,87465.30000000,87465.31000000,87446.19000000
1766812500000,87447.78000000,87465.31000000,87447.77000000
1766812800000,87464.23000000,87464.23000000,87447.77000000
1766813100000,87457.97000000,87464.23000000,87447.15000000
1766813400000,87489.97000000,87489.97000000,87457.96000000
1766813700000,87492.67000000,87512.80000000,87489.96000000
1766814000000,87501.69000000,87501.69000000,87492.66000000
1766814300000,87492.65000000,87501.69000000,87492.65000000
1766814600000,87506.65000000,87512.15000000,87492.65000000
1766814900000,87506.00000000,87506.66000000,87506.00000000
1766815200000,87474.95000000,87515.97000000,87474.95000000
1766815500000,87537.29000000,87544.85000000,87474.95000000
1766815800000,87530.18000000,87566.00000000,87528.55000000
1766816100000,87473.34000000,87530.18000000,87467.70000000
1766816400000,87483.76000000,87483.76000000,87439.28000000
1766816700000,87475.18000000,87483.76000000,87475.18000000
1766817000000,87469.02000000,87475.19000000,87447.84000000
1766817300000,87433.90000000,87469.02000000,87417.93000000
1766817600000,87457.37000000,87466.97000000,87433.89000000
1766817900000,87456.93000000,87457.37000000,87440.00000000
1766818200000,87465.16000000,87465.16000000,87456.92000000
1766818500000,87469.02000000,87469.02000000,87454.25000000
1766818800000,87489.56000000,87489.56000000,87469.01000000
1766819100000,87544.79000000,87552.43000000,87489.55000000
1766819400000,87548.11000000,87548.12000000,87538.82000000
1766819700000,87536.36000000,87566.00000000,87536.36000000
1766820000000,87701.99000000,87702.00000000,87536.36000000
1766820300000,87592.66000000,87702.00000000,87592.66000000
1766820600000,87576.90000000,87592.67000000,87558.65000000
1766820900000,87543.86000000,87576.90000000,87538.48000000
1766821200000,87548.88000000,87548.88000000,87538.48000000
1766821500000,87548.71000000,87548.88000000,87518.23000000
1766821800000,87548.71000000,87548.72000000,87548.71000000
1766822100000,87539.26000000,87548.72000000,87539.25000000
1766822400000,87574.52000000,87574.52000000,87539.25000000
1766822700000,87606.09000000,87606.10000000,87574.51000000
1766823000000,87559.69000000,87606.10000000,87559.68000000
1766823300000,87588.64000000,87588.65000000,87559.68000000
1766823600000,87619.99000000,87620.00000000,87588.64000000
1766823900000,87607.46000000,87677.00000000,87600.00000000
1766824200000,87599.97000000,87639.97000000,87599.97000000
1766824500000,87627.34000000,87627.35000000,87599.96000000
1766824800000,87610.82000000,87627.35000000,87592.66000000
1766825100000,87588.65000000,87610.83000000,87588.64000000
1766825400000,87588.65000000,87588.65000000,87588.64000000
1766825700000,87593.00000000,87593.01000000,87588.64000000
1766826000000,87613.89000000,87613.89000000,87581.24000000
1766826300000,87625.01000000,87625.04000000,87613.88000000
1766826600000,87655.15000000,87665.62000000,87625.00000000
1766826900000,87602.01000000,87665.61000000,87602.00000000
1766827200000,87595.25000000,87610.22000000,87588.20000000
1766827500000,87559.95000000,87595.25000000,87533.84000000
1766827800000,87618.32000000,87618.32000000,87559.95000000
1766828100000,87597.80000000,87643.61000000,87597.80000000
1766828400000,87592.80000000,87598.00000000,87590.12000000
1766828700000,87605.93000000,87617.12000000,87592.79000000
1766829000000,87616.44000000,87616.45000000,87605.92000000
1766829300000,87618.91000000,87629.50000000,87616.44000000
1766829600000,87598.87000000,87618.91000000,87598.86000000
1766829900000,87613.67000000,87613.67000000,87565.99000000
1766830200000,87543.06000000,87613.67000000,87543.06000000
1766830500000,87624.75000000,87627.67000000,87543.06000000
1766830800000,87599.72000000,87624.75000000,87570.20000000
1766831100000,87542.82000000,87599.73000000,87542.81000000
1766831400000,87476.00000000,87554.89000000,87476.00000000
1766831700000,87417.94000000,87490.00000000,87417.93000000
1766832000000,87446.69000000,87456.01000000,87370.73000000
1766832300000,87464.20000000,87474.50000000,87428.54000000
1766832600000,87488.73000000,87490.00000000,87464.20000000
1766832900000,87503.01000000,87515.78000000,87488.72000000
1766833200000,87503.02000000,87519.83000000,87503.01000000
1766833500000,87522.45000000,87522.45000000,87448.27000000
1766833800000,87532.88000000,87532.89000000,87500.00000000
1766834100000,87528.46000000,87539.13000000,87507.05000000
1766834400000,87509.25000000,87549.97000000,87509.25000000
1766834700000,87492.66000000,87509.26000000,87477.00000000
1766835000000,87511.00000000,87528.89000000,87492.66000000
1766835300000,87483.94000000,87511.01000000,87478.53000000
1766835600000,87483.94000000,87483.95000000,87483.94000000
1766835900000,87490.14000000,87490.14000000,87483.94000000
1766836200000,87500.00000000,87543.35000000,87490.13000000
1766836500000,87475.98000000,87500.01000000,87442.15000000
1766836800000,87476.55000000,87497.51000000,87463.76000000
1766837100000,87495.76000000,87495.77000000,87476.54000000
1766837400000,87454.22000000,87495.77000000,87422.41000000
1766837700000,87459.83000000,87459.84000000,87430.02000000
1766838000000,87459.84000000,87466.92000000,87459.83000000
1766838300000,87489.77000000,87489.77000000,87459.83000000
1766838600000,87489.59000000,87489.77000000,87484.36000000
1766838900000,87492.65000000,87515.21000000,87489.59000000
1766839200000,87498.01000000,87498.01000000,87492.65000000
1766839500000,87500.64000000,87507.65000000,87498.00000000
1766839800000,87470.79000000,87500.64000000,87454.60000000
1766840100000,87474.28000000,87474.28000000,87470.78000000
1766840400000,87430.40000000,87474.28000000,87430.39000000
1766840700000,87435.15000000,87435.16000000,87400.93000000
1766841000000,87444.25000000,87467.41000000,87435.15000000
1766841300000,87424.30000000,87453.58000000,87421.63000000
1766841600000,87400.01000000,87433.77000000,87400.00000000
1766841900000,87400.01000000,87416.94000000,87400.00000000
1766842200000,87368.53000000,87407.00000000,87308.05000000
1766842500000,87456.77000000,87463.77000000,87368.52000000
1766842800000,87469.30000000,87478.37000000,87443.90000000
1766843100000,87463.77000000,87476.70000000,87455.77000000
1766843400000,87468.00000000,87468.60000000,87463.77000000
1766843700000,87452.78000000,87468.01000000,87452.78000000
1766844000000,87433.73000000,87452.79000000,87390.16000000
1766844300000,87444.74000000,87444.74000000,87426.19000000
1766844600000,87453.81000000,87461.18000000,87444.72000000
1766844900000,87455.58000000,87459.41000000,87452.78000000
1766845200000,87417.33000000,87455.59000000,87405.10000000
1766845500000,87416.46000000,87420.84000000,87405.09000000
1766845800000,87477.48000000,87477.49000000,87415.20000000
1766846100000,87473.11000000,87477.49000000,87473.11000000
1766846400000,87506.67000000,87506.67000000,87473.11000000
1766846700000,87536.81000000,87536.82000000,87506.66000000
1766847000000,87512.16000000,87536.82000000,87512.16000000
1766847300000,87544.90000000,87544.91000000,87512.16000000
1766847600000,87522.01000000,87544.90000000,87484.71000000
1766847900000,87524.73000000,87550.00000000,87522.00000000
1766848200000,87551.98000000,87551.99000000,87524.72000000
1766848500000,87525.90000000,87551.99000000,87525.89000000
1766848800000,87532.46000000,87532.47000000,87501.69000000
1766849100000,87535.21000000,87535.21000000,87532.46000000
1766849400000,87566.00000000,87566.00000000,87535.20000000
1766849700000,87576.71000000,87584.68000000,87565.99000000
1766850000000,87588.00000000,87588.00000000,87576.70000000
1766850300000,87566.00000000,87588.00000000,87565.99000000
1766850600000,87566.00000000,87589.99000000,87565.99000000
1766850900000,87551.25000000,87566.00000000,87540.00000000
1766851200000,87560.00000000,87583.47000000,87551.26000000
1766851500000,87514.26000000,87560.01000000,87514.26000000
1766851800000,87500.01000000,87539.62000000,87500.00000000
1766852100000,87514.11000000,87514.12000000,87499.98000000
1766852400000,87485.72000000,87514.12000000,87455.19000000
1766852700000,87472.55000000,87485.73000000,87442.08000000
1766853000000,87519.01000000,87527.95000000,87472.56000000
1766853300000,87543.07000000,87543.07000000,87519.00000000
1766853600000,87544.22000000,87566.00000000,87543.06000000
1766853900000,87512.41000000,87544.22000000,87499.99000000
1766854200000,87500.00000000,87512.41000000,87500.00000000
1766854500000,87498.41000000,87500.01000000,87498.41000000
1766854800000,87506.61000000,87506.62000000,87498.41000000
1766855100000,87479.10000000,87511.26000000,87467.33000000
1766855400000,87516.30000000,87516.78000000,87479.09000000
1766855700000,87496.34000000,87525.23000000,87496.34000000
1766856000000,87536.39000000,87538.01000000,87496.34000000
1766856300000,87527.65000000,87536.40000000,87527.64000000
1766856600000,87512.52000000,87527.65000000,87512.52000000
1766856900000,87536.47000000,87541.77000000,87512.52000000
1766857200000,87536.48000000,87536.48000000,87536.47000000
1766857500000,87555.44000000,87562.79000000,87536.47000000
1766857800000,87562.58000000,87562.58000000,87541.46000000
1766858100000,87562.58000000,87562.58000000,87562.57000000
1766858400000,87555.00000000,87572.41000000,87555.00000000
1766858700000,87529.37000000,87555.01000000,87525.12000000
1766859000000,87520.01000000,87529.38000000,87520.00000000
1766859300000,87519.80000000,87520.01000000,87519.80000000
1766859600000,87544.39000000,87544.40000000,87502.56000000
1766859900000,87528.24000000,87544.40000000,87528.24000000
1766860200000,87526.01000000,87528.25000000,87526.00000000
1766860500000,87531.44000000,87531.46000000,87526.00000000
1766860800000,87522.39000000,87531.45000000,87522.39000000
1766861100000,87469.49000000,87522.40000000,87467.33000000
1766861400000,87478.25000000,87478.25000000,87463.76000000
1766861700000,87500.01000000,87500.10000000,87478.24000000
1766862000000,87500.01000000,87514.62000000,87500.00000000
1766862300000,87551.51000000,87591.00000000,87500.00000000
1766862600000,87558.28000000,87558.29000000,87548.69000000
1766862900000,87527.22000000,87558.29000000,87527.21000000
1766863200000,87566.26000000,87580.16000000,87527.21000000
1766863500000,87557.25000000,87566.26000000,87557.25000000
1766863800000,87557.25000000,87557.26000000,87557.25000000
1766864100000,87550.24000000,87557.26000000,87550.24000000
1766864400000,87550.25000000,87550.25000000,87550.24000000
1766864700000,87569.39000000,87569.40000000,87550.24000000
1766865000000,87569.40000000,87569.40000000,87569.39000000
1766865300000,87569.39000000,87569.40000000,87569.39000000
1766865600000,87583.50000000,87583.50000000,87569.39000000
1766865900000,87600.32000000,87635.77000000,87583.49000000
1766866200000,87590.45000000,87600.33000000,87588.33000000
1766866500000,87572.01000000,87590.46000000,87572.00000000
1766866800000,87572.01000000,87572.01000000,87560.00000000
1766867100000,87544.20000000,87585.44000000,87540.00000000
1766867400000,87556.00000000,87556.01000000,87544.20000000
1766867700000,87556.00000000,87556.01000000,87556.00000000
1766868000000,87550.62000000,87556.01000000,87523.78000000
1766868300000,87550.63000000,87550.63000000,87550.62000000
1766868600000,87550.62000000,87550.63000000,87550.62000000
1766868900000,87555.92000000,87555.92000000,87550.62000000
1766869200000,87567.44000000,87567.45000000,87555.91000000
1766869500000,87600.32000000,87600.32000000,87567.44000000
1766869800000,87625.02000000,87625.03000000,87600.31000000
1766870100000,87634.41000000,87634.41000000,87625.03000000
1766870400000,87634.40000000,87634.41000000,87634.39000000
1766870700000,87634.39000000,87634.40000000,87634.39000000
1766871000000,87655.39000000,87655.40000000,87634.39000000
1766871300000,87668.23000000,87668.23000000,87655.39000000
1766871600000,87637.12000000,87668.23000000,87637.12000000
1766871900000,87657.49000000,87657.50000000,87637.12000000
1766872200000,87668.23000000,87668.23000000,87657.49000000
1766872500000,87668.22000000,87668.23000000,87668.22000000
1766872800000,87668.22000000,87668.23000000,87668.22000000
1766873100000,87666.21000000,87668.23000000,87629.98000000
1766873400000,87864.31000000,87917.00000000,87666.20000000
1766873700000,87770.45000000,87955.00000000,87759.08000000
1766874000000,87734.46000000,87797.12000000,87707.95000000
1766874300000,87692.67000000,87739.54000000,87692.67000000
1766874600000,87610.73000000,87692.68000000,87580.00000000
1766874900000,87526.76000000,87610.73000000,87526.76000000
1766875200000,87571.61000000,87619.19000000,87526.76000000
1766875500000,87604.66000000,87634.21000000,87499.99000000
1766875800000,87635.60000000,87649.99000000,87592.66000000
1766876100000,87565.99000000,87651.76000000,87565.99000000
1766876400000,87581.64000000,87628.02000000,87565.99000000
1766876700000,87623.47000000,87648.00000000,87574.33000000
1766877000000,87610.86000000,87645.23000000,87594.15000000
1766877300000,87674.41000000,87705.24000000,87610.86000000
1766877600000,87675.00000000,87722.41000000,87674.40000000
1766877900000,87648.60000000,87675.01000000,87648.60000000
1766878200000,87664.48000000,87664.49000000,87648.60000000
1766878500000,87664.46000000,87664.48000000,87664.46000000
1766878800000,87687.87000000,87687.88000000,87664.46000000
1766879100000,87808.69000000,87936.01000000,87687.87000000
1766879400000,87872.69000000,87984.00000000,87808.70000000
1766879700000,87877.01000000,87887.00000000,87842.92000000
1766880000000,87901.26000000,87961.37000000,87877.00000000
1766880300000,87829.46000000,87917.00000000,87808.69000000
1766880600000,87815.12000000,87858.95000000,87815.11000000
1766880900000,87802.30000000,87822.14000000,87778.03000000
1766881200000,87783.37000000,87821.80000000,87778.05000000
1766881500000,87736.45000000,87803.02000000,87705.97000000
1766881800000,87804.46000000,87804.47000000,87718.03000000
1766882100000,87887.15000000,87887.15000000,87804.46000000
1766882400000,87885.99000000,87900.00000000,87830.62000000
1766882700000,87902.61000000,87943.65000000,87885.99000000
1766883000000,87866.97000000,87919.65000000,87854.00000000
1766883300000,87854.96000000,87866.98000000,87840.61000000
1766883600000,87945.39000000,87945.39000000,87854.96000000
1766883900000,87890.40000000,87945.39000000,87890.39000000
1766884200000,87856.63000000,87905.62000000,87856.62000000
1766884500000,87826.94000000,87856.63000000,87739.06000000
1766884800000,87805.50000000,87837.27000000,87804.39000000
1766885100000,87805.51000000,87805.51000000,87792.67000000
1766885400000,87821.51000000,87821.52000000,87756.10000000
1766885700000,87824.31000000,87850.00000000,87803.10000000
1766886000000,87821.94000000,87864.69000000,87821.93000000
1766886300000,87817.74000000,87821.94000000,87798.00000000
1766886600000,87787.90000000,87817.75000000,87787.89000000
1766886900000,87785.96000000,87787.90000000,87775.46000000
1766887200000,87755.81000000,87785.97000000,87755.80000000
1766887500000,87770.45000000,87779.37000000,87755.80000000
1766887800000,87787.30000000,87799.37000000,87770.45000000
1766888100000,87806.16000000,87808.14000000,87787.29000000
1766888400000,87809.01000000,87815.92000000,87802.00000000
1766888700000,87809.00000000,87809.01000000,87809.00000000
1766889000000,87866.84000000,87872.67000000,87809.00000000
1766889300000,87849.99000000,87866.85000000,87846.22000000
1766889600000,87842.77000000,87850.00000000,87842.77000000
1766889900000,87806.79000000,87842.78000000,87806.78000000
1766890200000,87810.77000000,87810.78000000,87806.78000000
1766890500000,87810.78000000,87810.79000000,87810.77000000
1766890800000,87810.78000000,87810.79000000,87810.78000000
1766891100000,87806.63000000,87845.45000000,87799.80000000
1766891400000,87781.01000000,87806.64000000,87781.00000000
1766891700000,87786.88000000,87810.94000000,87781.00000000
1766892000000,87766.00000000,87802.68000000,87765.99000000
1766892300000,87735.44000000,87766.00000000,87725.47000000
1766892600000,87778.04000000,87778.04000000,87735.44000000
1766892900000,87777.33000000,87778.04000000,87758.00000000
1766893200000,87759.53000000,87777.32000000,87759.46000000
1766893500000,87749.32000000,87769.46000000,87749.32000000
1766893800000,87758.68000000,87758.69000000,87749.32000000
1766894100000,87740.01000000,87758.69000000,87740.00000000
1766894400000,87771.16000000,87785.83000000,87693.00000000
1766894700000,87775.55000000,87775.56000000,87740.00000000
1766895000000,87813.93000000,87837.99000000,87775.55000000
1766895300000,87792.67000000,87813.93000000,87792.67000000
1766895600000,87792.68000000,87792.68000000,87792.67000000
1766895900000,87802.52000000,87802.52000000,87759.37000000
1766896200000,87792.67000000,87802.52000000,87792.67000000
1766896500000,87770.54000000,87792.68000000,87740.00000000
1766896800000,87757.26000000,87770.54000000,87757.26000000
1766897100000,87725.10000000,87769.56000000,87696.50000000
1766897400000,87723.38000000,87725.10000000,87723.38000000
1766897700000,87724.87000000,87734.91000000,87723.38000000
1766898000000,87678.00000000,87724.87000000,87633.28000000
1766898300000,87684.86000000,87722.93000000,87677.99000000
1766898600000,87695.06000000,87702.71000000,87684.86000000
1766898900000,87685.50000000,87695.06000000,87685.50000000
1766899200000,87642.00000000,87685.51000000,87642.00000000
1766899500000,87625.52000000,87643.19000000,87614.79000000
1766899800000,87652.34000000,87656.00000000,87614.79000000
1766900100000,87655.45000000,87683.82000000,87652.33000000
1766900400000,87676.53000000,87681.75000000,87655.44000000
1766900700000,87660.90000000,87692.00000000,87660.90000000
1766901000000,87707.38000000,87707.38000000,87660.90000000
1766901300000,87657.93000000,87707.38000000,87636.47000000
1766901600000,87649.13000000,87657.94000000,87647.42000000
1766901900000,87688.80000000,87688.80000000,87649.13000000
1766902200000,87703.36000000,87703.37000000,87688.79000000
1766902500000,87703.36000000,87703.37000000,87703.36000000
1766902800000,87731.61000000,87749.70000000,87703.36000000
1766903100000,87731.61000000,87731.61000000,87720.55000000
1766903400000,87731.61000000,87731.61000000,87731.60000000
1766903700000,87770.46000000,87770.46000000,87731.60000000
1766904000000,87784.20000000,87784.20000000,87759.77000000
1766904300000,87765.23000000,87784.20000000,87760.01000000
1766904600000,87766.94000000,87766.95000000,87752.00000000
1766904900000,87732.00000000,87771.47000000,87732.00000000
1766905200000,87699.99000000,87732.01000000,87681.31000000
1766905500000,87709.78000000,87732.93000000,87699.99000000
1766905800000,87709.78000000,87709.78000000,87705.47000000
1766906100000,87681.41000000,87709.78000000,87675.87000000
1766906400000,87700.02000000,87700.02000000,87681.41000000
1766906700000,87687.73000000,87700.02000000,87687.73000000
1766907000000,87699.14000000,87699.14000000,87687.73000000
1766907300000,87681.41000000,87699.14000000,87681.41000000
1766907600000,87681.38000000,87681.42000000,87681.38000000
1766907900000,87731.18000000,87731.73000000,87681.38000000
1766908200000,87722.08000000,87734.98000000,87722.04000000
1766908500000,87730.85000000,87730.86000000,87722.07000000
1766908800000,87750.00000000,87750.00000000,87730.86000000
1766909100000,87813.56000000,87813.56000000,87749.99000000
1766909400000,87796.91000000,87814.72000000,87792.67000000
1766909700000,87791.75000000,87796.92000000,87791.74000000
1766910000000,87781.21000000,87791.75000000,87781.21000000
1766910300000,87778.45000000,87781.22000000,87770.45000000
1766910600000,87768.23000000,87778.45000000,87768.22000000
1766910900000,87870.46000000,87870.46000000,87768.23000000
1766911200000,87836.61000000,87972.95000000,87836.60000000
1766911500000,87820.28000000,87867.72000000,87819.37000000
1766911800000,87812.93000000,87820.28000000,87784.27000000
1766912100000,87805.00000000,87833.66000000,87805.00000000
1766912400000,87831.96000000,87831.96000000,87805.00000000
1766912700000,87854.90000000,87854.91000000,87826.20000000
1766913000000,87869.25000000,87874.36000000,87854.90000000
1766913300000,87864.62000000,87869.25000000,87846.85000000
1766913600000,87892.68000000,87892.69000000,87864.61000000
1766913900000,87883.41000000,87900.00000000,87883.40000000
1766914200000,87834.96000000,87883.41000000,87834.96000000
1766914500000,87781.56000000,87834.97000000,87720.00000000
1766914800000,87783.44000000,87783.44000000,87749.98000000
1766915100000,87778.50000000,87783.44000000,87778.50000000
1766915400000,87784.72000000,87784.72000000,87770.45000000
1766915700000,87800.00000000,87800.00000000,87770.46000000
1766916000000,87857.91000000,87857.92000000,87799.99000000
1766916300000,87946.94000000,87962.62000000,87857.91000000
1766916600000,87905.36000000,87960.00000000,87902.49000000
1766916900000,87944.06000000,87944.06000000,87897.22000000
1766917200000,87966.23000000,87966.24000000,87876.00000000
1766917500000,87956.56000000,87974.20000000,87915.68000000
1766917800000,87936.23000000,87956.57000000,87892.68000000
1766918100000,87867.29000000,88010.00000000,87867.29000000
1766918400000,87853.96000000,87867.30000000,87828.45000000
1766918700000,87847.80000000,87853.96000000,87847.80000000
1766919000000,87856.91000000,87856.91000000,87847.80000000
1766919300000,87856.91000000,87856.91000000,87856.90000000
1766919600000,87892.68000000,87916.00000000,87856.90000000
1766919900000,87923.22000000,87923.23000000,87892.68000000
1766920200000,87917.00000000,87923.50000000,87906.82000000
1766920500000,87887.34000000,87922.01000000,87887.34000000
1766920800000,87892.68000000,87906.55000000,87887.34000000
1766921100000,87892.15000000,87892.69000000,87886.00000000
1766921400000,87872.68000000,87892.16000000,87872.68000000
1766921700000,87830.01000000,87872.69000000,87830.00000000
1766922000000,87830.00000000,87830.01000000,87818.58000000
1766922300000,87871.03000000,87873.07000000,87830.00000000
1766922600000,87849.50000000,87871.03000000,87840.66000000
1766922900000,87883.25000000,87883.26000000,87849.50000000
1766923200000,87856.00000000,87891.32000000,87855.99000000
1766923500000,87840.00000000,87861.01000000,87840.00000000
1766923800000,87847.17000000,87847.17000000,87818.58000000
1766924100000,87829.48000000,87847.17000000,87827.42000000
1766924400000,87853.11000000,87860.00000000,87829.47000000
1766924700000,87853.11000000,87853.11000000,87853.10000000
1766925000000,87865.98000000,87869.99000000,87853.10000000
1766925300000,87819.96000000,87865.98000000,87819.95000000
1766925600000,87811.86000000,87830.00000000,87794.86000000
1766925900000,87829.00000000,87830.00000000,87811.86000000
1766926200000,87838.78000000,87838.79000000,87829.00000000
1766926500000,87850.60000000,87890.45000000,87833.99000000
1766926800000,87901.96000000,87901.96000000,87850.59000000
1766927100000,87872.69000000,87950.00000000,87872.68000000
1766927400000,87860.45000000,87900.26000000,87852.60000000
1766927700000,87851.06000000,87860.46000000,87820.00000000
1766928000000,87906.10000000,87906.11000000,87851.06000000
1766928300000,87851.58000000,87910.50000000,87851.57000000
1766928600000,87886.00000000,87892.87000000,87851.57000000
1766928900000,87944.63000000,87962.45000000,87885.99000000
1766929200000,87918.24000000,87944.63000000,87918.23000000
1766929500000,87913.96000000,87918.24000000,87913.95000000
1766929800000,87906.13000000,87928.78000000,87906.13000000
1766930100000,87896.59000000,87916.80000000,87892.67000000
1766930400000,87986.62000000,87990.00000000,87896.59000000
1766930700000,87986.81000000,87986.81000000,87957.42000000
1766931000000,87976.18000000,87992.70000000,87974.59000000
1766931300000,87976.20000000,87981.02000000,87976.18000000
1766931600000,87943.37000000,87976.20000000,87923.92000000
1766931900000,87981.02000000,87981.02000000,87943.36000000
1766932200000,87958.11000000,87981.02000000,87934.20000000
1766932500000,87972.95000000,87972.95000000,87958.10000000
1766932800000,87996.10000000,88088.75000000,87961.73000000
1766933100000,88002.01000000,88030.27000000,87992.69000000
1766933400000,87933.32000000,88007.56000000,87930.71000000
1766933700000,87910.00000000,87933.32000000,87909.99000000
1766934000000,87948.78000000,87948.78000000,87862.04000000
1766934300000,87952.45000000,87991.16000000,87935.76000000
1766934600000,87970.70000000,87990.00000000,87952.44000000
1766934900000,87992.69000000,88001.49000000,87970.70000000
1766935200000,87943.51000000,88006.00000000,87943.50000000
1766935500000,87954.39000000,87968.10000000,87943.50000000
1766935800000,87908.00000000,87954.40000000,87908.00000000
1766936100000,87937.91000000,87937.92000000,87900.00000000
1766936400000,87926.10000000,87937.92000000,87919.25000000
1766936700000,87937.90000000,87937.91000000,87926.09000000
1766937000000,87838.19000000,87958.32000000,87838.19000000
1766937300000,87836.27000000,87869.23000000,87824.18000000
1766937600000,87870.37000000,87870.37000000,87827.74000000
1766937900000,87867.66000000,87898.42000000,87860.70000000
1766938200000,87860.00000000,87867.67000000,87850.21000000
1766938500000,87893.00000000,87893.00000000,87859.99000000
1766938800000,87763.90000000,87893.00000000,87754.42000000
1766939100000,87783.72000000,87844.52000000,87740.00000000
1766939400000,87820.67000000,87824.65000000,87783.72000000
1766939700000,87808.55000000,87836.00000000,87808.35000000
1766940000000,87803.93000000,87823.48000000,87803.92000000
1766940300000,87829.99000000,87830.00000000,87803.92000000
1766940600000,87829.99000000,87830.00000000,87829.99000000
1766940900000,87814.04000000,87830.00000000,87814.03000000
1766941200000,87844.39000000,87844.40000000,87814.03000000
1766941500000,87856.18000000,87856.18000000,87830.30000000
1766941800000,87904.39000000,87904.39000000,87856.17000000
1766942100000,87892.68000000,87931.59000000,87892.68000000
1766942400000,87922.62000000,87922.62000000,87886.35000000
1766942700000,87892.68000000,87922.62000000,87892.68000000
1766943000000,87821.31000000,87892.69000000,87821.31000000
1766943300000,87820.00000000,87833.07000000,87820.00000000
1766943600000,87819.02000000,87820.01000000,87819.02000000
1766943900000,87818.25000000,87826.63000000,87807.62000000
1766944200000,87792.67000000,87818.26000000,87792.67000000
1766944500000,87760.00000000,87792.68000000,87760.00000000
1766944800000,87660.00000000,87768.79000000,87618.86000000
1766945100000,87685.42000000,87697.71000000,87659.99000000
1766945400000,87681.85000000,87712.90000000,87674.40000000
1766945700000,87642.50000000,87681.86000000,87500.26000000
1766946000000,87662.75000000,87687.49000000,87630.79000000
1766946300000,87717.93000000,87717.94000000,87662.75000000
1766946600000,87730.64000000,87736.01000000,87692.67000000
1766946900000,87740.97000000,87753.96000000,87725.00000000
1766947200000,87714.90000000,87740.97000000,87714.90000000
1766947500000,87632.34000000,87714.90000000,87606.27000000
1766947800000,87551.59000000,87650.75000000,87532.00000000
1766948100000,87598.49000000,87613.66000000,87551.59000000
1766948400000,87536.91000000,87633.75000000,87536.91000000
1766948700000,87630.00000000,87630.00000000,87519.56000000
1766949000000,87670.15000000,87698.30000000,87630.00000000
1766949300000,87632.15000000,87670.15000000,87632.14000000
1766949600000,87541.72000000,87644.00000000,87520.89000000
1766949900000,87511.28000000,87541.72000000,87511.27000000
1766950200000,87624.83000000,87624.83000000,87511.27000000
1766950500000,87615.36000000,87634.98000000,87615.35000000
1766950800000,87592.66000000,87631.03000000,87592.66000000
1766951100000,87615.32000000,87619.77000000,87592.66000000
1766951400000,87573.00000000,87615.32000000,87572.99000000
1766951700000,87520.75000000,87573.00000000,87520.72000000
1766952000000,87500.00000000,87552.01000000,87500.00000000
1766952300000,87544.50000000,87572.99000000,87446.73000000
1766952600000,87507.84000000,87544.51000000,87492.72000000
1766952900000,87581.27000000,87592.26000000,87507.83000000
1766953200000,87579.20000000,87581.27000000,87565.99000000
1766953500000,87574.10000000,87579.21000000,87562.00000000
1766953800000,87596.51000000,87610.83000000,87574.09000000
1766954100000,87598.32000000,87602.94000000,87596.50000000
1766954400000,87605.26000000,87608.77000000,87598.32000000
1766954700000,87635.77000000,87635.77000000,87583.92000000
1766955000000,87574.51000000,87655.28000000,87568.98000000
1766955300000,87514.76000000,87574.52000000,87514.75000000
1766955600000,87496.23000000,87536.93000000,87492.65000000
1766955900000,87527.98000000,87528.00000000,87435.00000000
1766956200000,87556.33000000,87558.82000000,87499.25000000
1766956500000,87562.78000000,87583.77000000,87545.95000000
1766956800000,87505.48000000,87562.78000000,87505.47000000
1766957100000,87538.74000000,87539.50000000,87500.00000000
1766957400000,87557.65000000,87558.00000000,87530.00000000
1766957700000,87592.66000000,87592.67000000,87557.64000000
1766958000000,87587.22000000,87592.67000000,87576.11000000
1766958300000,87581.10000000,87587.23000000,87581.09000000
1766958600000,87565.99000000,87581.10000000,87565.99000000
1766958900000,87588.37000000,87588.38000000,87565.99000000
1766959200000,87566.85000000,87588.38000000,87566.84000000
1766959500000,87565.86000000,87566.85000000,87565.85000000
1766959800000,87521.66000000,87565.86000000,87481.55000000
1766960100000,87521.66000000,87521.67000000,87521.66000000
1766960400000,87586.85000000,87586.85000000,87521.66000000
1766960700000,87626.67000000,87626.68000000,87552.55000000
1766961000000,87599.23000000,87626.68000000,87590.80000000
1766961300000,87656.66000000,87656.66000000,87599.23000000
1766961600000,87651.05000000,87716.73000000,87641.68000000
1766961900000,87826.35000000,87850.00000000,87651.05000000
1766962200000,87937.39000000,87992.70000000,87821.04000000
1766962500000,87900.09000000,87992.70000000,87888.00000000
1766962800000,87789.44000000,88049.53000000,87782.29000000
1766963100000,87733.32000000,87789.45000000,87704.51000000
1766963400000,87695.48000000,87758.00000000,87692.67000000
1766963700000,87796.17000000,87820.20000000,87695.48000000
1766964000000,87745.10000000,87796.18000000,87714.11000000
1766964300000,87711.33000000,87745.11000000,87701.51000000
1766964600000,87744.47000000,87760.57000000,87634.92000000
1766964900000,87788.03000000,87792.68000000,87744.48000000
1766965200000,87821.23000000,87821.23000000,87788.03000000
1766965500000,87883.40000000,87883.56000000,87804.61000000
1766965800000,87886.04000000,87969.23000000,87872.68000000
1766966100000,87952.71000000,87952.72000000,87886.04000000
1766966400000,87859.51000000,87970.25000000,87821.63000000
1766966700000,87912.53000000,87967.51000000,87841.09000000
1766967000000,87888.59000000,87935.20000000,87872.68000000
1766967300000,87846.60000000,87894.27000000,87832.96000000
1766967600000,87926.08000000,88041.75000000,87813.17000000
1766967900000,88011.62000000,88024.55000000,87926.09000000
1766968200000,88121.70000000,88292.68000000,87993.00000000
1766968500000,88181.80000000,88293.38000000,88121.70000000
1766968800000,88183.38000000,88240.00000000,88162.34000000
1766969100000,88350.00000000,88350.00000000,88144.00000000
1766969400000,88279.99000000,88444.19000000,88192.72000000
1766969700000,88295.69000000,88320.00000000,88223.70000000
1766970000000,88063.41000000,88319.10000000,88063.40000000
1766970300000,88077.14000000,88110.38000000,88040.00000000
1766970600000,88064.80000000,88092.70000000,88064.79000000
1766970900000,88036.18000000,88064.80000000,87849.42000000
1766971200000,87999.99000000,88038.81000000,87974.98000000
1766971500000,87992.71000000,88050.00000000,87966.12000000
1766971800000,88056.47000000,88056.47000000,87952.83000000
1766972100000,88240.01000000,88263.12000000,88035.19000000
1766972400000,88304.04000000,88480.00000000,88240.00000000
1766972700000,88393.18000000,88450.00000000,88304.04000000
1766973000000,88387.84000000,88425.73000000,88320.14000000
1766973300000,88445.57000000,88466.55000000,88380.00000000
1766973600000,88869.23000000,88912.93000000,88445.57000000
1766973900000,89041.00000000,89241.88000000,88869.22000000
1766974200000,89265.33000000,89288.00000000,89033.59000000
1766974500000,89032.76000000,89383.74000000,88958.81000000
1766974800000,88926.20000000,89100.00000000,88897.59000000
1766975100000,89145.39000000,89195.06000000,88926.19000000
1766975400000,89095.54000000,89265.69000000,89051.55000000
1766975700000,89010.64000000,89221.38000000,89010.64000000
1766976000000,89108.57000000,89137.32000000,89003.75000000
1766976300000,89221.01000000,89228.35000000,89080.27000000
1766976600000,89247.42000000,89307.41000000,89221.00000000
1766976900000,89163.25000000,89306.34000000,89163.24000000
1766977200000,89135.15000000,89214.00000000,89101.79000000
1766977500000,89281.57000000,89291.32000000,89135.15000000
1766977800000,89495.50000000,89499.99000000,89281.56000000
1766978100000,89477.84000000,89500.00000000,89422.05000000
1766978400000,89373.53000000,89499.00000000,89364.18000000
1766978700000,89481.42000000,89513.13000000,89373.52000000
1766979000000,89591.94000000,89770.00000000,89481.43000000
1766979300000,89917.26000000,89924.46000000,89591.93000000
1766979600000,89993.26000000,90000.00000000,89838.21000000
1766979900000,89916.33000000,90013.00000000,89842.88000000
1766980200000,90033.35000000,90100.00000000,89910.79000000
1766980500000,90123.55000000,90169.06000000,90029.28000000
1766980800000,90015.00000000,90170.01000000,89952.81000000
1766981100000,90084.22000000,90136.08000000,90014.99000000
1766981400000,90066.04000000,90120.00000000,90000.61000000
1766981700000,90156.62000000,90188.08000000,90059.82000000
1766982000000,90019.99000000,90221.00000000,89987.81000000
1766982300000,90090.47000000,90090.48000000,90010.58000000
1766982600000,90189.43000000,90189.44000000,90064.67000000
1766982900000,90320.00000000,90406.08000000,90189.43000000
1766983200000,90224.57000000,90370.70000000,90214.73000000
1766983500000,90220.00000000,90299.90000000,90219.63000000
1766983800000,90186.55000000,90299.88000000,90154.82000000
1766984100000,90143.06000000,90250.00000000,90143.06000000
1766984400000,90110.70000000,90153.53000000,90098.00000000
1766984700000,90169.35000000,90300.07000000,89999.52000000
1766985000000,90215.61000000,90246.62000000,90150.32000000
1766985300000,90098.00000000,90215.62000000,90085.92000000
1766985600000,90111.22000000,90144.01000000,90098.00000000
1766985900000,90069.41000000,90122.90000000,90068.84000000
1766986200000,90061.85000000,90083.96000000,89968.30000000
1766986500000,90095.70000000,90194.54000000,90061.84000000
1766986800000,90127.92000000,90146.32000000,90094.92000000
1766987100000,90073.96000000,90130.28000000,90049.40000000
1766987400000,89965.00000000,90073.97000000,89931.37000000
1766987700000,89984.00000000,90038.42000000,89964.99000000
1766988000000,89906.15000000,90023.99000000,89880.00000000
1766988300000,89954.83000000,90004.35000000,89906.15000000
1766988600000,90007.43000000,90029.36000000,89954.82000000
1766988900000,90121.19000000,90121.21000000,90001.37000000
1766989200000,90059.95000000,90121.20000000,90046.79000000
1766989500000,89954.40000000,90059.96000000,89954.39000000
1766989800000,89906.03000000,89990.92000000,89868.20000000
1766990100000,89923.93000000,89956.92000000,89906.03000000
1766990400000,89910.34000000,89950.00000000,89910.34000000
1766990700000,89852.45000000,89910.35000000,89798.00000000
1766991000000,89785.47000000,89892.10000000,89763.40000000
1766991300000,89777.26000000,89816.36000000,89749.87000000
1766991600000,89699.35000000,89846.71000000,89692.31000000
1766991900000,89617.81000000,89737.77000000,89536.18000000
1766992200000,89649.05000000,89708.00000000,89600.54000000
1766992500000,89586.76000000,89696.92000000,89586.75000000
1766992800000,89548.00000000,89613.79000000,89526.60000000
1766993100000,89526.33000000,89580.57000000,89509.70000000
1766993400000,89617.30000000,89658.50000000,89507.03000000
1766993700000,89674.36000000,89683.02000000,89617.29000000
1766994000000,89564.79000000,89674.36000000,89562.49000000
1766994300000,89650.64000000,89680.30000000,89549.51000000
1766994600000,89654.71000000,89656.33000000,89606.01000000
1766994900000,89617.71000000,89661.42000000,89571.53000000
1766995200000,89492.87000000,89653.34000000,89480.66000000
1766995500000,89516.15000000,89551.34000000,89492.00000000
1766995800000,89659.29000000,89659.30000000,89516.15000000
1766996100000,89726.49000000,89733.40000000,89641.77000000
1766996400000,89788.19000000,89825.01000000,89721.75000000
1766996700000,89789.30000000,89820.19000000,89785.68000000
1766997000000,89775.49000000,89804.61000000,89680.60000000
1766997300000,89636.20000000,89775.50000000,89628.90000000
1766997600000,89719.19000000,89719.19000000,89636.19000000
1766997900000,89783.25000000,89792.97000000,89658.02000000
1766998200000,89471.01000000,89783.26000000,89444.47000000
1766998500000,89555.10000000,89573.53000000,89471.01000000
1766998800000,89591.04000000,89617.10000000,89494.35000000
1766999100000,89495.33000000,89618.22000000,89490.91000000
1766999400000,89510.44000000,89532.55000000,89495.33000000
1766999700000,89487.48000000,89510.44000000,89434.18000000
1767000000000,89426.31000000,89487.49000000,89426.31000000
1767000300000,89326.00000000,89426.32000000,89299.60000000
1767000600000,88714.32000000,89333.44000000,88599.57000000
1767000900000,88533.46000000,88762.95000000,88373.62000000
1767001200000,88232.85000000,88600.00000000,88179.85000000
1767001500000,88076.20000000,88232.84000000,87925.00000000
1767001800000,87987.12000000,88082.02000000,87770.10000000
1767002100000,88100.05000000,88100.05000000,87868.21000000
1767002400000,88072.28000000,88159.26000000,87969.78000000
1767002700000,88181.91000000,88200.00000000,87926.58000000
1767003000000,88076.47000000,88270.02000000,88068.93000000
1767003300000,87976.23000000,88076.48000000,87962.48000000
1767003600000,88024.24000000,88060.00000000,87967.75000000
1767003900000,88020.49000000,88024.25000000,87933.01000000
1767004200000,87950.01000000,88020.50000000,87934.84000000
1767004500000,87918.01000000,88000.00000000,87889.23000000
1767004800000,87929.52000000,87932.12000000,87891.96000000
1767005100000,87875.73000000,87956.40000000,87874.00000000
1767005400000,87914.18000000,87916.61000000,87874.36000000
1767005700000,87780.01000000,87914.18000000,87653.69000000
1767006000000,87716.60000000,87780.01000000,87665.05000000
1767006300000,87766.32000000,87783.89000000,87611.70000000
1767006600000,87783.90000000,87783.91000000,87731.60000000
1767006900000,87789.37000000,87789.37000000,87694.64000000
1767007200000,87737.80000000,87793.27000000,87723.70000000
1767007500000,87740.10000000,87791.70000000,87716.06000000
1767007800000,87751.59000000,87751.59000000,87700.00000000
1767008100000,87638.59000000,87751.59000000,87630.46000000
1767008400000,87640.01000000,87701.55000000,87594.69000000
1767008700000,87643.50000000,87650.00000000,87577.00000000
1767009000000,87643.10000000,87650.01000000,87600.00000000
1767009300000,87567.66000000,87643.11000000,87567.65000000
1767009600000,87587.17000000,87636.34000000,87520.23000000
1767009900000,87054.85000000,87587.17000000,87050.00000000
1767010200000,86962.74000000,87120.74000000,86871.74000000
1767010500000,86946.01000000,87037.93000000,86806.50000000
1767010800000,87198.00000000,87250.00000000,86824.10000000
1767011100000,87268.33000000,87358.58000000,87090.10000000
1767011400000,87361.59000000,87432.39000000,87200.00000000
1767011700000,87361.54000000,87434.17000000,87329.10000000
1767012000000,87300.00000000,87426.00000000,87300.00000000
1767012300000,87361.54000000,87416.58000000,87289.01000000
1767012600000,87398.76000000,87398.76000000,87361.53000000
1767012900000,87397.00000000,87405.50000000,87333.00000000
1767013200000,87506.20000000,87537.23000000,87358.29000000
1767013500000,87392.32000000,87506.20000000,87370.53000000
1767013800000,87328.43000000,87403.60000000,87284.00000000
1767014100000,87463.76000000,87463.77000000,87328.44000000
1767014400000,87395.92000000,87463.77000000,87368.80000000
1767014700000,87299.27000000,87395.92000000,87270.55000000
1767015000000,87345.26000000,87367.09000000,87299.27000000
1767015300000,87300.17000000,87372.34000000,87259.30000000
1767015600000,87286.34000000,87300.18000000,87250.00000000
1767015900000,87226.46000000,87341.85000000,87210.78000000
1767016200000,87287.92000000,87305.53000000,87165.04000000
1767016500000,87387.71000000,87387.71000000,87238.37000000
1767016800000,87328.55000000,87389.57000000,87313.03000000
1767017100000,87295.58000000,87373.84000000,87259.30000000
1767017400000,87428.57000000,87428.57000000,87280.26000000
1767017700000,87422.47000000,87511.56000000,87403.41000000
1767018000000,87413.60000000,87439.59000000,87350.00000000
1767018300000,87619.24000000,87619.72000000,87413.60000000
1767018600000,87973.99000000,88028.13000000,87419.54000000
1767018900000,88011.02000000,88190.71000000,87900.00000000
1767019200000,88092.24000000,88101.47000000,87883.91000000
1767019500000,87957.07000000,88107.84000000,87884.29000000
1767019800000,87604.43000000,88000.00000000,87600.04000000
1767020100000,87429.96000000,87678.80000000,87300.97000000
1767020400000,87314.00000000,87429.97000000,87244.62000000
1767020700000,87452.53000000,87463.77000000,87222.41000000
1767021000000,87733.23000000,87733.24000000,87428.03000000
1767021300000,87644.69000000,87918.69000000,87628.00000000
1767021600000,87692.68000000,87692.68000000,87469.96000000
1767021900000,87736.25000000,87816.19000000,87648.00000000
1767022200000,87770.45000000,87823.33000000,87678.25000000
1767022500000,87735.90000000,87885.60000000,87681.47000000
