title,authors,year,venue,doi,arxiv_identifier,ssrn_identifier,canonical_source,asset_class,instrument_type,prediction_or_decision_target,forecast_horizon,input_data,data_frequency,dataset_period,split_design,validation_design,leakage_controls,cost_assumptions,execution_assumptions,forecast_metrics,economic_metrics,reported_result,independent_replication_evidence,negative_evidence,official_code_availability,code_license,data_license,main_limitations,repository_relevance,implementation_suitability,final_disposition,verification_scope
Efficient Capital Markets: A Review of Theory and Empirical Work,Eugene F. Fama,1970,Journal of Finance,10.1111/j.1540-6261.1970.tb00518.x,,,https://doi.org/10.1111/j.1540-6261.1970.tb00518.x,equities,cash equities,information incorporation,various,prices and public/private information,various,pre-1970 literature,survey and event-study synthesis,survey and event-study synthesis,recognizes joint-hypothesis problem,not central,not separately reported / not verified,autocorrelation and event responses,risk-adjusted returns,evidence broadly consistent with efficiency conditional on model,extensive and mixed,joint test of efficiency and asset-pricing model; old microstructure,no,not applicable,underlying studies vary,joint test of efficiency and asset-pricing model; old microstructure,sets skeptical prior and benchmark burden,45,Monitor,"inherited repository primary-source review; immutable earlier evidence, not a fresh replication"
A Comprehensive Look at the Empirical Performance of Equity Premium Prediction,Ivo Welch; Amit Goyal,2008,Review of Financial Studies,10.1093/rfs/hhm014,,,https://doi.org/10.1093/rfs/hhm014,equities,US market index,equity premium,monthly and annual,valuation and macro predictors,monthly and annual,1871-2005 depending on series,recursive out-of-sample against historical mean,recursive out-of-sample against historical mean,real-time-style recursive estimation; extensive robustness,market-timing utility considered but execution simplified,not separately reported / not verified,OOS R-squared and forecast errors,certainty-equivalent and timing utility,most predictors fail OOS and are unstable,strong methodological replication and extensions,aggregate US evidence may not map to crypto,data supplied by authors,author terms,mixed public/proprietary source terms,aggregate US evidence may not map to crypto,directly defines required baselines and skepticism,82,Integrate,"inherited repository primary-source review; immutable earlier evidence, not a fresh replication"
Generalized Autoregressive Conditional Heteroskedasticity,Tim Bollerslev,1986,Journal of Econometrics,10.1016/0304-4076(86)90063-1,,,https://doi.org/10.1016/0304-4076(86)90063-1,macroeconomic and financial,return/inflation series,conditional variance,one-step and recursive,lagged variance and squared innovations,application-specific,method paper with empirical examples,likelihood estimation and residual checks,likelihood estimation and residual checks,causal lag structure,not central,not separately reported / not verified,likelihood and volatility loss,none,parsimonious persistent volatility dynamics,extensive; often beaten by realized-volatility models where available,parameter instability; distribution and asymmetry choices,no canonical code,not applicable,source data terms,parameter instability; distribution and asymmetry choices,strong volatility baseline,76,Prototype,"inherited repository primary-source review; immutable earlier evidence, not a fresh replication"
A Simple Approximate Long-Memory Model of Realized Volatility,Fulvio Corsi,2009,Journal of Financial Econometrics,10.1093/jjfinec/nbp001,,,https://doi.org/10.1093/jjfinec/nbp001,FX,spot FX,realized volatility,daily; weekly; monthly components,lagged realized volatility aggregates,intraday to daily,multi-year FX sample,rolling/recursive out-of-sample comparisons,rolling/recursive out-of-sample comparisons,lag-only heterogeneous components,not a trading strategy,not separately reported / not verified,MSE-family volatility losses,none,HAR-RV is competitive with more complex long-memory models,extensive across assets including crypto volatility,bar RV proxy is weaker than high-frequency RV,no canonical code,not applicable,source data terms,bar RV proxy is weaker than high-frequency RV,best feasible risk-gating candidate,92,Prototype,"inherited repository primary-source review; immutable earlier evidence, not a fresh replication"
A New Approach to the Economic Analysis of Nonstationary Time Series and the Business Cycle,James D. Hamilton,1989,Econometrica,10.2307/1912559,,,https://doi.org/10.2307/1912559,macroeconomic,US output,latent regime probability,quarterly,lagged output growth,quarterly,1950s-1980s US GNP,maximum likelihood with filtered and smoothed states,maximum likelihood with filtered and smoothed states,filtering can be causal; smoothing cannot be used live,not applicable,not separately reported / not verified,likelihood and regime classification,none,recovers recession-like regime dynamics,extensive,state labels and count are model-dependent,no canonical code,not applicable,public macro data,state labels and count are model-dependent,audit benchmark for current HMM,78,Monitor,"inherited repository primary-source review; immutable earlier evidence, not a fresh replication"
Time Series Momentum,Tobias J. Moskowitz; Yao Hua Ooi; Lasse Heje Pedersen,2012,Journal of Financial Economics,10.1016/j.jfineco.2011.11.003,,,https://doi.org/10.1016/j.jfineco.2011.11.003,multi-asset futures,58 liquid futures/forwards,own-return sign and excess return,1-12 months,lagged excess returns,daily/monthly,1965-2009 depending on contract,subperiods; diversified portfolios; factor controls,subperiods; diversified portfolios; factor controls,lagged signal and broad universe,cost/capacity discussion; not modern crypto fills,not separately reported / not verified,t-statistics and regressions,portfolio returns; Sharpe; drawdowns,positive persistence over 1-12 months with later partial reversal,substantial independent evidence; crash-risk debate,horizon and implementation differ from intraday crypto,author data series available in some forms,author terms,underlying vendor data restricted,horizon and implementation differ from intraday crypto,strong prior for longer-horizon trend baseline,84,Monitor,"inherited repository primary-source review; immutable earlier evidence, not a fresh replication"
Carry,Ralph S. J. Koijen; Tobias J. Moskowitz; Lasse Heje Pedersen; Evert B. Vrugt,2018,Journal of Financial Economics,10.1016/j.jfineco.2017.11.002,,,https://doi.org/10.1016/j.jfineco.2017.11.002,multi-asset,currencies; commodities; equities; bonds; credit; options,carry and expected return,monthly,forward/spot; yields; valuation spreads,daily/monthly,multi-decade global samples,cross-asset portfolios; factors; subperiods,cross-asset portfolios; factors; subperiods,observable ex-ante carry definitions,asset-specific cost treatment,not separately reported / not verified,cross-sectional regressions,long-short return; Sharpe; recession loss,carry comoves across assets and bears global risk,broad independent carry literature,funding rate is not automatically equivalent to carry,author data available,author terms,vendor/source restrictions vary,funding rate is not automatically equivalent to carry,academic origin for prospective carry campaign,86,Prototype,"inherited repository primary-source review; immutable earlier evidence, not a fresh replication"
The Combination of Forecasts,John M. Bates; Clive W. J. Granger,1969,Operational Research Quarterly,10.1057/jors.1969.103,,,https://doi.org/10.1057/jors.1969.103,general,generic forecasts,combined conditional mean,application-specific,multiple forecasts and error covariance,application-specific,illustrative,holdout errors to estimate weights,holdout errors to estimate weights,requires weights based on past errors,not applicable,not separately reported / not verified,forecast error variance,none,combinations can beat individual forecasts,extensive,unstable covariance and adaptive-weight leakage,no,not applicable,not applicable,unstable covariance and adaptive-weight leakage,supports bounded ensembles over winner selection,74,Integrate,"inherited repository primary-source review; immutable earlier evidence, not a fresh replication"
Greedy Function Approximation: A Gradient Boosting Machine,Jerome H. Friedman,2001,Annals of Statistics,10.1214/aos/1013203451,,,https://doi.org/10.1214/aos/1013203451,general,tabular samples,regression or classification target,sample-level,features and gradients,sample-level,benchmarks,train/test benchmark comparisons,train/test benchmark comparisons,requires clean split and fitted preprocessing,not applicable,not separately reported / not verified,loss-specific forecast metrics,none,stagewise trees optimize arbitrary differentiable loss,extensive,generic method paper gives no financial edge,author software descendants,varies,benchmark terms vary,generic method paper gives no financial edge,supports existing shallow booster baseline,73,Monitor,"inherited repository primary-source review; immutable earlier evidence, not a fresh replication"
Empirical Asset Pricing via Machine Learning,Shihao Gu; Bryan Kelly; Dacheng Xiu,2020,Review of Financial Studies,10.1093/rfs/hhaa009,,,https://doi.org/10.1093/rfs/hhaa009,equities,US cash equities,monthly cross-sectional excess return,one month,firm characteristics and macro interactions,monthly,1957-2016,chronological training validation and holdout; portfolio sorts,chronological training validation and holdout; portfolio sorts,time split and lagged characteristics,large-cap and turnover analyses; not full impact,not separately reported / not verified,OOS R-squared,portfolio alpha; Sharpe; drawdown,trees and neural nets improve cross-sectional forecasts; shallow models strong,substantial follow-up literature with mixed portability,equity breadth and monthly costs differ from crypto perps,author code/data guidance available,author terms,CRSP/Compustat restricted,equity breadth and monthly costs differ from crypto perps,supports shallow nonlinear cross-sectional candidate,82,Monitor,"inherited repository primary-source review; immutable earlier evidence, not a fresh replication"
Deep Learning with Long Short-Term Memory Networks for Financial Market Predictions,Thomas Fischer; Christopher Krauss,2018,European Journal of Operational Research,10.1016/j.ejor.2017.11.054,,,https://doi.org/10.1016/j.ejor.2017.11.054,equities,S&P 500 constituents,next-day direction and return ranking,one day,lagged returns,daily,1992-2015,rolling train/test comparison against RF; DNN; logistic,rolling train/test comparison against RF; DNN; logistic,chronological rolling samples; historical constituents,5 bp per half turn in reported trading test,not separately reported / not verified,accuracy; MCC,returns; Sharpe; drawdown; trades,LSTM leads full sample but edge decays materially late and after costs,many ML finance studies; fragile net replication,constituent and tuning bias; simplified execution,author code not canonical,not stated,index/market data restrictions,constituent and tuning bias; simplified execution,current LSTM is architectural but validation/provenance gaps remain,57,Monitor,"inherited repository primary-source review; immutable earlier evidence, not a fresh replication"
A Time Series is Worth 64 Words: Long-term Forecasting with Transformers,Yuqi Nie et al.,2023,ICLR,,,,https://openreview.net/forum?id=Jbdc0vTOcol,multi-domain,benchmark time series,long-horizon values,96-720 steps in common benchmarks,patched univariate channels,hourly/daily and other,standard LTSF datasets,chronological benchmark splits,chronological benchmark splits,patches drawn from past context; channel independence,not a trading study,not separately reported / not verified,MSE; MAE,none,strong long-horizon benchmark performance,many replications with protocol sensitivity,no costs or finance; benchmark controversies,official GitHub available,Apache-2.0,benchmark licenses vary,no costs or finance; benchmark controversies,current identifier is a ridge patch-summary proxy,38,Reject,"inherited repository primary-source review; immutable earlier evidence, not a fresh replication"
The Price Impact of Order Book Events,Rama Cont; Arseniy Kukanov; Sasha Stoikov,2014,Journal of Financial Econometrics,10.1093/jjfinec/nbt003,,,https://doi.org/10.1093/jjfinec/nbt003,equities,50 US limit-order books,short-interval price change,seconds to minutes,best-quote order-flow imbalance and depth,event/tick,one month of 2010 data,cross-stock and interval regressions,cross-stock and interval regressions,event ordering retained; causal forecasting distinction limited,no executable strategy costs,not separately reported / not verified,R-squared and regression slopes,none,price change is linearly related to OFI; impact inversely related to depth,substantial microstructure replication,main result is partly contemporaneous; queue/fill gap,code not canonical,not applicable,proprietary order-book source,main result is partly contemporaneous; queue/fill gap,strong mechanism but missing required data,79,Prototype,"inherited repository primary-source review; immutable earlier evidence, not a fresh replication"
Risks and Returns of Cryptocurrency,Yukun Liu; Aleh Tsyvinski,2021,Review of Financial Studies,10.1093/rfs/hhaa113,,,https://doi.org/10.1093/rfs/hhaa113,cryptocurrency,spot crypto indices/assets,aggregate crypto return,weekly,network; production; momentum; attention,daily/weekly,2011-2018-era sample,predictive regressions and portfolio tests,predictive regressions and portfolio tests,lagged predictors; timing details vary by source,turnover and implementation costs not comprehensive,not separately reported / not verified,predictive t-statistics and R-squared,portfolio returns,network growth; momentum; attention forecast returns; production proxies weak,substantial citations; later-market stability mixed,short early sample; revisions and many predictors,supplementary resources available,author/publisher terms,source-specific,short early sample; revisions and many predictors,supports causal alt-data ablation only,75,Monitor,"inherited repository primary-source review; immutable earlier evidence, not a fresh replication"
Common Risk Factors in Cryptocurrency,Yukun Liu; Aleh Tsyvinski; Xi Wu,2022,Journal of Finance,10.1111/jofi.13119,,,https://doi.org/10.1111/jofi.13119,cryptocurrency,broad spot coin panel,cross-sectional expected return,weekly,price; size; volume; volatility characteristics,daily/weekly,2014-2020-era sample,portfolio sorts; factor spanning; subperiod analyses,portfolio sorts; factor spanning; subperiod analyses,lagged characteristics and broad universe,tradability filters and costs considered but not venue-level fills,not separately reported / not verified,factor regressions and alphas,long-short returns; Sharpe-like statistics,market size and momentum factors span ten successful characteristics,replication code available; later portability still uncertain,survivorship; exchange fragmentation; investability,publisher replication ZIP,publisher supplemental terms,source data terms vary,survivorship; exchange fragmentation; investability,best support for true PIT ranker,83,Monitor,"inherited repository primary-source review; immutable earlier evidence, not a fresh replication"
A Reality Check for Data Snooping,Halbert White,2000,Econometrica,10.1111/1468-0262.00152,,,https://doi.org/10.1111/1468-0262.00152,general/financial,strategy families,best-model superiority,sample-level,complete family of model losses,time series,methodological and empirical illustration,bootstrap over searched family,bootstrap over searched family,explicit multiplicity correction,inherits submitted loss including costs,not separately reported / not verified,loss differentials and p-values,best-rule performance,many apparent winners lose significance after data-snooping correction,foundational and widely used,requires complete trial family and valid bootstrap,author routines historically available,varies,application-specific,requires complete trial family and valid bootstrap,canonical evaluation safeguard,94,Integrate,"inherited repository primary-source review; immutable earlier evidence, not a fresh replication"
The Deflated Sharpe Ratio: Correcting for Selection Bias Backtest Overfitting and Non-Normality,David H. Bailey; Marcos López de Prado,2014,Journal of Portfolio Management / SSRN,10.2139/ssrn.2460551,,,https://doi.org/10.2139/ssrn.2460551,general/financial,strategy return series,Sharpe significance after selection,whole backtest,Sharpe; skew; kurtosis; trial count/correlation,return series,methodological,analytical correction relative to expected maximum Sharpe,analytical correction relative to expected maximum Sharpe,explicit selection and non-normality adjustment,costs must already be in returns,not separately reported / not verified,DSR probability,risk-adjusted return confidence,conventional Sharpe confidence is overstated after selection,widely used; implementation details sometimes vary,cannot fix omitted trials leakage or wrong costs,reference implementations exist,varies,application-specific,cannot fix omitted trials leakage or wrong costs,formal research implementation already exists,96,Integrate,"inherited repository primary-source review; immutable earlier evidence, not a fresh replication"
The Probability of Backtest Overfitting,David H. Bailey; Jonathan Borwein; Marcos López de Prado; Qiji Jim Zhu,2017,Journal of Computational Finance,10.21314/JCF.2016.322,,,https://doi.org/10.21314/JCF.2016.322,general/financial,strategy trial matrix,selection overfit probability,whole backtest partitions,aligned returns for all trials,return series,methodological with examples,CSCV train/test rank comparison,CSCV train/test rank comparison,direct selection-instability estimate,costs must already be in returns,not separately reported / not verified,PBO and logits,rank degradation,quantifies likelihood that in-sample winner underperforms OOS,growing use; sensitive to implementation and sample,needs complete finite aligned matrix and enough observations,reference code exists,varies,application-specific,needs complete finite aligned matrix and enough observations,formal research implementation already exists,95,Integrate,"inherited repository primary-source review; immutable earlier evidence, not a fresh replication"
A Contextual-Bandit Approach to Personalized News Article Recommendation,Li; Chu; Langford; Schapire,2010,WWW,,1003.0146,,https://arxiv.org/abs/1003.0146,nonfinancial methodological benchmark,simulated actions,discounted reward / policy-value estimation; not a market-price forecast,episodic multi-step; one-step for contextual bandit,randomized news recommendation logs,simulator transition; not market calendar frequency,not applicable to simulator trajectories,training/evaluation environments or fixed logged data; no financial chronological split,primary benchmark or theoretical result; repository requires chronological purged evaluation,no claim of financial point-in-time controls in nonfinancial benchmark,financial costs not modeled; repository-specific simulator required,environment transition law; no exchange fill model,not applicable to policy learning,"task return / value-estimation error, not net trading Sharpe",Immediate reward regression with optimism; randomized logging permits replay evaluation.,Later RL benchmark comparisons exist for established methods; no independent net crypto replication verified here,Randomized one-step support does not establish sequential inventory value.,Not independently verified for this row; no code copied,No third-party code reused; verify before reuse,Benchmark-specific; no benchmark data redistributed,Randomized one-step support does not establish sequential inventory value.,Sequential-control methodology; see candidate-scorecard.md,Research only; no adoption score inferred from published return,Prototype,primary source reviewed at 2026-09-17; calendar/cost claims limited to stated evidence
Q-learning,Watkins; Dayan,1992,Machine Learning,10.1007/BF00992698,,,https://doi.org/10.1007/BF00992698,nonfinancial methodological benchmark,simulated actions,discounted reward / policy-value estimation; not a market-price forecast,episodic multi-step; one-step for contextual bandit,tabular MDPs,simulator transition; not market calendar frequency,not applicable to simulator trajectories,training/evaluation environments or fixed logged data; no financial chronological split,primary benchmark or theoretical result; repository requires chronological purged evaluation,no claim of financial point-in-time controls in nonfinancial benchmark,financial costs not modeled; repository-specific simulator required,environment transition law; no exchange fill model,not applicable to policy learning,"task return / value-estimation error, not net trading Sharpe",Off-policy Bellman updates converge under finite-state visitation assumptions.,Later RL benchmark comparisons exist for established methods; no independent net crypto replication verified here,Market history is neither stationary nor exhaustively visited.,Not independently verified for this row; no code copied,No third-party code reused; verify before reuse,Benchmark-specific; no benchmark data redistributed,Market history is neither stationary nor exhaustively visited.,Sequential-control methodology; see candidate-scorecard.md,Research only; no adoption score inferred from published return,Monitor,primary source reviewed at 2026-09-17; calendar/cost claims limited to stated evidence
Human-level control through deep reinforcement learning,Mnih et al.,2015,Nature,10.1038/nature14236,,,https://doi.org/10.1038/nature14236,nonfinancial methodological benchmark,simulated actions,discounted reward / policy-value estimation; not a market-price forecast,episodic multi-step; one-step for contextual bandit,Atari simulator,simulator transition; not market calendar frequency,not applicable to simulator trajectories,training/evaluation environments or fixed logged data; no financial chronological split,primary benchmark or theoretical result; repository requires chronological purged evaluation,no claim of financial point-in-time controls in nonfinancial benchmark,financial costs not modeled; repository-specific simulator required,environment transition law; no exchange fill model,not applicable to policy learning,"task return / value-estimation error, not net trading Sharpe",Replay and a target network stabilize nonlinear action-value learning.,Later RL benchmark comparisons exist for established methods; no independent net crypto replication verified here,Game scores do not measure economic return or execution risk.,Not independently verified for this row; no code copied,No third-party code reused; verify before reuse,Benchmark-specific; no benchmark data redistributed,Game scores do not measure economic return or execution risk.,Sequential-control methodology; see candidate-scorecard.md,Research only; no adoption score inferred from published return,Monitor,primary source reviewed at 2026-09-17; calendar/cost claims limited to stated evidence
Deep Reinforcement Learning with Double Q-learning,van Hasselt; Guez; Silver,2016,AAAI,,1509.06461,,https://arxiv.org/abs/1509.06461,nonfinancial methodological benchmark,simulated actions,discounted reward / policy-value estimation; not a market-price forecast,episodic multi-step; one-step for contextual bandit,Atari simulator,simulator transition; not market calendar frequency,not applicable to simulator trajectories,training/evaluation environments or fixed logged data; no financial chronological split,primary benchmark or theoretical result; repository requires chronological purged evaluation,no claim of financial point-in-time controls in nonfinancial benchmark,financial costs not modeled; repository-specific simulator required,environment transition law; no exchange fill model,not applicable to policy learning,"task return / value-estimation error, not net trading Sharpe",Separate action selection from target evaluation to reduce overestimation.,Later RL benchmark comparisons exist for established methods; no independent net crypto replication verified here,Does not solve offline action extrapolation or regime shift.,Not independently verified for this row; no code copied,No third-party code reused; verify before reuse,Benchmark-specific; no benchmark data redistributed,Does not solve offline action extrapolation or regime shift.,Sequential-control methodology; see candidate-scorecard.md,Research only; no adoption score inferred from published return,Prototype,primary source reviewed at 2026-09-17; calendar/cost claims limited to stated evidence
Proximal Policy Optimization Algorithms,Schulman; Wolski; Dhariwal; Radford; Klimov,2017,arXiv,,1707.06347,,https://arxiv.org/abs/1707.06347,nonfinancial methodological benchmark,simulated actions,discounted reward / policy-value estimation; not a market-price forecast,episodic multi-step; one-step for contextual bandit,Atari and continuous-control simulators,simulator transition; not market calendar frequency,not applicable to simulator trajectories,training/evaluation environments or fixed logged data; no financial chronological split,primary benchmark or theoretical result; repository requires chronological purged evaluation,no claim of financial point-in-time controls in nonfinancial benchmark,financial costs not modeled; repository-specific simulator required,environment transition law; no exchange fill model,not applicable to policy learning,"task return / value-estimation error, not net trading Sharpe",Clipped policy-ratio objective reuses fresh on-policy rollouts.,Later RL benchmark comparisons exist for established methods; no independent net crypto replication verified here,Clipping is not a hard safety or worst-case loss constraint.,Not independently verified for this row; no code copied,No third-party code reused; verify before reuse,Benchmark-specific; no benchmark data redistributed,Clipping is not a hard safety or worst-case loss constraint.,Sequential-control methodology; see candidate-scorecard.md,Research only; no adoption score inferred from published return,Prototype,primary source reviewed at 2026-09-17; calendar/cost claims limited to stated evidence
Soft Actor-Critic: Off-Policy Maximum Entropy Deep Reinforcement Learning with a Stochastic Actor,Haarnoja; Zhou; Abbeel; Levine,2018,ICML,,,,https://proceedings.mlr.press/v80/haarnoja18b.html,nonfinancial methodological benchmark,simulated actions,discounted reward / policy-value estimation; not a market-price forecast,episodic multi-step; one-step for contextual bandit,continuous control,simulator transition; not market calendar frequency,not applicable to simulator trajectories,training/evaluation environments or fixed logged data; no financial chronological split,primary benchmark or theoretical result; repository requires chronological purged evaluation,no claim of financial point-in-time controls in nonfinancial benchmark,financial costs not modeled; repository-specific simulator required,environment transition law; no exchange fill model,not applicable to policy learning,"task return / value-estimation error, not net trading Sharpe",Entropy-regularized actor-critic improves continuous-control learning.,Later RL benchmark comparisons exist for established methods; no independent net crypto replication verified here,Exploration and reward scale require care; continuous action unnecessary here.,Not independently verified for this row; no code copied,No third-party code reused; verify before reuse,Benchmark-specific; no benchmark data redistributed,Exploration and reward scale require care; continuous action unnecessary here.,Sequential-control methodology; see candidate-scorecard.md,Research only; no adoption score inferred from published return,Monitor,primary source reviewed at 2026-09-17; calendar/cost claims limited to stated evidence
Addressing Function Approximation Error in Actor-Critic Methods,Fujimoto; van Hoof; Meger,2018,ICML,,,,https://proceedings.mlr.press/v80/fujimoto18a.html,nonfinancial methodological benchmark,simulated actions,discounted reward / policy-value estimation; not a market-price forecast,episodic multi-step; one-step for contextual bandit,continuous control,simulator transition; not market calendar frequency,not applicable to simulator trajectories,training/evaluation environments or fixed logged data; no financial chronological split,primary benchmark or theoretical result; repository requires chronological purged evaluation,no claim of financial point-in-time controls in nonfinancial benchmark,financial costs not modeled; repository-specific simulator required,environment transition law; no exchange fill model,not applicable to policy learning,"task return / value-estimation error, not net trading Sharpe",Twin critics and delayed actor updates reduce value bias.,Later RL benchmark comparisons exist for established methods; no independent net crypto replication verified here,No offline-support guarantee; continuous action unnecessary here.,Not independently verified for this row; no code copied,No third-party code reused; verify before reuse,Benchmark-specific; no benchmark data redistributed,No offline-support guarantee; continuous action unnecessary here.,Sequential-control methodology; see candidate-scorecard.md,Research only; no adoption score inferred from published return,Monitor,primary source reviewed at 2026-09-17; calendar/cost claims limited to stated evidence
Conservative Q-Learning for Offline Reinforcement Learning,Kumar; Zhou; Tucker; Levine,2020,NeurIPS,,2006.04779,,https://arxiv.org/abs/2006.04779,nonfinancial methodological benchmark,simulated actions,discounted reward / policy-value estimation; not a market-price forecast,episodic multi-step; one-step for contextual bandit,D4RL and Atari offline datasets,simulator transition; not market calendar frequency,not applicable to simulator trajectories,training/evaluation environments or fixed logged data; no financial chronological split,primary benchmark or theoretical result; repository requires chronological purged evaluation,no claim of financial point-in-time controls in nonfinancial benchmark,financial costs not modeled; repository-specific simulator required,environment transition law; no exchange fill model,not applicable to policy learning,"task return / value-estimation error, not net trading Sharpe",Penalize high values on actions outside observed behavior.,Later RL benchmark comparisons exist for established methods; no independent net crypto replication verified here,Conservatism depends on assumptions and penalty; cannot certify market safety.,https://github.com/aviralkumar2907/CQL; author warns of D4RL version sensitivity,No third-party code reused; verify before reuse,Benchmark-specific; no benchmark data redistributed,Conservatism depends on assumptions and penalty; cannot certify market safety.,Sequential-control methodology; see candidate-scorecard.md,Research only; no adoption score inferred from published return,Prototype,primary source reviewed at 2026-09-17; calendar/cost claims limited to stated evidence
Offline Reinforcement Learning with Implicit Q-Learning,Kostrikov; Nair; Levine,2022,ICLR,,2110.06169,,https://arxiv.org/abs/2110.06169,nonfinancial methodological benchmark,simulated actions,discounted reward / policy-value estimation; not a market-price forecast,episodic multi-step; one-step for contextual bandit,D4RL offline datasets,simulator transition; not market calendar frequency,not applicable to simulator trajectories,training/evaluation environments or fixed logged data; no financial chronological split,primary benchmark or theoretical result; repository requires chronological purged evaluation,no claim of financial point-in-time controls in nonfinancial benchmark,financial costs not modeled; repository-specific simulator required,environment transition law; no exchange fill model,not applicable to policy learning,"task return / value-estimation error, not net trading Sharpe",Expectile value fitting and advantage-weighted policy extraction avoid querying unseen actions during improvement.,Later RL benchmark comparisons exist for established methods; no independent net crypto replication verified here,Function approximation and behavior coverage still limit reliability.,https://github.com/ikostrikov/implicit_q_learning,No third-party code reused; verify before reuse,Benchmark-specific; no benchmark data redistributed,Function approximation and behavior coverage still limit reliability.,Sequential-control methodology; see candidate-scorecard.md,Research only; no adoption score inferred from published return,Monitor,primary source reviewed at 2026-09-17; calendar/cost claims limited to stated evidence
Off-Policy Deep Reinforcement Learning without Exploration,Fujimoto; Meger; Precup,2019,ICML,,,,https://proceedings.mlr.press/v97/fujimoto19a.html,nonfinancial methodological benchmark,simulated actions,discounted reward / policy-value estimation; not a market-price forecast,episodic multi-step; one-step for contextual bandit,batch continuous-control data,simulator transition; not market calendar frequency,not applicable to simulator trajectories,training/evaluation environments or fixed logged data; no financial chronological split,primary benchmark or theoretical result; repository requires chronological purged evaluation,no claim of financial point-in-time controls in nonfinancial benchmark,financial costs not modeled; repository-specific simulator required,environment transition law; no exchange fill model,not applicable to policy learning,"task return / value-estimation error, not net trading Sharpe",Constrain action candidates to modeled batch support.,Later RL benchmark comparisons exist for established methods; no independent net crypto replication verified here,Learned support and simulator benchmarks do not validate exchange fills.,Not independently verified for this row; no code copied,No third-party code reused; verify before reuse,Benchmark-specific; no benchmark data redistributed,Learned support and simulator benchmarks do not validate exchange fills.,Sequential-control methodology; see candidate-scorecard.md,Research only; no adoption score inferred from published return,Monitor,primary source reviewed at 2026-09-17; calendar/cost claims limited to stated evidence
Stabilizing Off-Policy Q-Learning via Bootstrapping Error Reduction,Kumar; Fu; Tucker; Levine,2019,NeurIPS,,1906.00949,,https://arxiv.org/abs/1906.00949,nonfinancial methodological benchmark,simulated actions,discounted reward / policy-value estimation; not a market-price forecast,episodic multi-step; one-step for contextual bandit,offline continuous-control data,simulator transition; not market calendar frequency,not applicable to simulator trajectories,training/evaluation environments or fixed logged data; no financial chronological split,primary benchmark or theoretical result; repository requires chronological purged evaluation,no claim of financial point-in-time controls in nonfinancial benchmark,financial costs not modeled; repository-specific simulator required,environment transition law; no exchange fill model,not applicable to policy learning,"task return / value-estimation error, not net trading Sharpe",Restrict learned action support to curb bootstrapping error.,Later RL benchmark comparisons exist for established methods; no independent net crypto replication verified here,Support-distance tuning and finite data remain consequential.,Not independently verified for this row; no code copied,No third-party code reused; verify before reuse,Benchmark-specific; no benchmark data redistributed,Support-distance tuning and finite data remain consequential.,Sequential-control methodology; see candidate-scorecard.md,Research only; no adoption score inferred from published return,Monitor,primary source reviewed at 2026-09-17; calendar/cost claims limited to stated evidence
A Minimalist Approach to Offline Reinforcement Learning,Fujimoto; Gu,2021,NeurIPS,,2106.06860,,https://arxiv.org/abs/2106.06860,nonfinancial methodological benchmark,simulated actions,discounted reward / policy-value estimation; not a market-price forecast,episodic multi-step; one-step for contextual bandit,D4RL offline datasets,simulator transition; not market calendar frequency,not applicable to simulator trajectories,training/evaluation environments or fixed logged data; no financial chronological split,primary benchmark or theoretical result; repository requires chronological purged evaluation,no claim of financial point-in-time controls in nonfinancial benchmark,financial costs not modeled; repository-specific simulator required,environment transition law; no exchange fill model,not applicable to policy learning,"task return / value-estimation error, not net trading Sharpe",Behavior cloning regularizes TD3 with a small implementation change.,Later RL benchmark comparisons exist for established methods; no independent net crypto replication verified here,Strong simple baseline; no financial causal-support evidence.,https://github.com/sfujim/TD3_BC,No third-party code reused; verify before reuse,Benchmark-specific; no benchmark data redistributed,Strong simple baseline; no financial causal-support evidence.,Sequential-control methodology; see candidate-scorecard.md,Research only; no adoption score inferred from published return,Monitor,primary source reviewed at 2026-09-17; calendar/cost claims limited to stated evidence
Advantage-Weighted Regression: Simple and Scalable Off-Policy Reinforcement Learning,Peng; Kumar; Zhang; Levine,2019,arXiv,,1910.00177,,https://arxiv.org/abs/1910.00177,nonfinancial methodological benchmark,simulated actions,discounted reward / policy-value estimation; not a market-price forecast,episodic multi-step; one-step for contextual bandit,continuous control,simulator transition; not market calendar frequency,not applicable to simulator trajectories,training/evaluation environments or fixed logged data; no financial chronological split,primary benchmark or theoretical result; repository requires chronological purged evaluation,no claim of financial point-in-time controls in nonfinancial benchmark,financial costs not modeled; repository-specific simulator required,environment transition law; no exchange fill model,not applicable to policy learning,"task return / value-estimation error, not net trading Sharpe",Weighted regression extracts a policy from higher-advantage actions.,Later RL benchmark comparisons exist for established methods; no independent net crypto replication verified here,Advantage errors can magnify unsupported rare actions.,Not independently verified for this row; no code copied,No third-party code reused; verify before reuse,Benchmark-specific; no benchmark data redistributed,Advantage errors can magnify unsupported rare actions.,Sequential-control methodology; see candidate-scorecard.md,Research only; no adoption score inferred from published return,Monitor,primary source reviewed at 2026-09-17; calendar/cost claims limited to stated evidence
AWAC: Accelerating Online Reinforcement Learning with Offline Datasets,Nair; Dalal; Gupta; Levine,2020,arXiv,,2006.09359,,https://arxiv.org/abs/2006.09359,nonfinancial methodological benchmark,simulated actions,discounted reward / policy-value estimation; not a market-price forecast,episodic multi-step; one-step for contextual bandit,robotics and continuous control,simulator transition; not market calendar frequency,not applicable to simulator trajectories,training/evaluation environments or fixed logged data; no financial chronological split,primary benchmark or theoretical result; repository requires chronological purged evaluation,no claim of financial point-in-time controls in nonfinancial benchmark,financial costs not modeled; repository-specific simulator required,environment transition law; no exchange fill model,not applicable to policy learning,"task return / value-estimation error, not net trading Sharpe",Advantage-weighted actor-critic combines offline initialization and further interaction.,Later RL benchmark comparisons exist for established methods; no independent net crypto replication verified here,Live fine-tuning is prohibited in this repository task.,Not independently verified for this row; no code copied,No third-party code reused; verify before reuse,Benchmark-specific; no benchmark data redistributed,Live fine-tuning is prohibited in this repository task.,Sequential-control methodology; see candidate-scorecard.md,Research only; no adoption score inferred from published return,Monitor,primary source reviewed at 2026-09-17; calendar/cost claims limited to stated evidence
Decision Transformer: Reinforcement Learning via Sequence Modeling,Chen; Lu; Rajeswaran; Lee; Grover; Laskin; Abbeel; Srinivas; Mordatch,2021,NeurIPS,,2106.01345,,https://arxiv.org/abs/2106.01345,nonfinancial methodological benchmark,simulated actions,discounted reward / policy-value estimation; not a market-price forecast,episodic multi-step; one-step for contextual bandit,Atari; Gym; Key-to-Door,simulator transition; not market calendar frequency,not applicable to simulator trajectories,training/evaluation environments or fixed logged data; no financial chronological split,primary benchmark or theoretical result; repository requires chronological purged evaluation,no claim of financial point-in-time controls in nonfinancial benchmark,financial costs not modeled; repository-specific simulator required,environment transition law; no exchange fill model,not applicable to policy learning,"task return / value-estimation error, not net trading Sharpe",Condition action sequences on desired return and previous states/actions.,Later RL benchmark comparisons exist for established methods; no independent net crypto replication verified here,Desired returns outside trajectory support do not create achievable performance.,Not independently verified for this row; no code copied,No third-party code reused; verify before reuse,Benchmark-specific; no benchmark data redistributed,Desired returns outside trajectory support do not create achievable performance.,Sequential-control methodology; see candidate-scorecard.md,Research only; no adoption score inferred from published return,Reject,primary source reviewed at 2026-09-17; calendar/cost claims limited to stated evidence
A Distributional Perspective on Reinforcement Learning,Bellemare; Dabney; Munos,2017,ICML,,,,https://proceedings.mlr.press/v70/bellemare17a.html,nonfinancial methodological benchmark,simulated actions,discounted reward / policy-value estimation; not a market-price forecast,episodic multi-step; one-step for contextual bandit,Atari,simulator transition; not market calendar frequency,not applicable to simulator trajectories,training/evaluation environments or fixed logged data; no financial chronological split,primary benchmark or theoretical result; repository requires chronological purged evaluation,no claim of financial point-in-time controls in nonfinancial benchmark,financial costs not modeled; repository-specific simulator required,environment transition law; no exchange fill model,not applicable to policy learning,"task return / value-estimation error, not net trading Sharpe",Learn a categorical distribution of discounted returns.,Later RL benchmark comparisons exist for established methods; no independent net crypto replication verified here,Aleatoric return dispersion is not epistemic calibration or tail safety.,Not independently verified for this row; no code copied,No third-party code reused; verify before reuse,Benchmark-specific; no benchmark data redistributed,Aleatoric return dispersion is not epistemic calibration or tail safety.,Sequential-control methodology; see candidate-scorecard.md,Research only; no adoption score inferred from published return,Monitor,primary source reviewed at 2026-09-17; calendar/cost claims limited to stated evidence
Distributional Reinforcement Learning with Quantile Regression,Dabney; Rowland; Bellemare; Munos,2018,AAAI,,1710.10044,,https://arxiv.org/abs/1710.10044,nonfinancial methodological benchmark,simulated actions,discounted reward / policy-value estimation; not a market-price forecast,episodic multi-step; one-step for contextual bandit,Atari,simulator transition; not market calendar frequency,not applicable to simulator trajectories,training/evaluation environments or fixed logged data; no financial chronological split,primary benchmark or theoretical result; repository requires chronological purged evaluation,no claim of financial point-in-time controls in nonfinancial benchmark,financial costs not modeled; repository-specific simulator required,environment transition law; no exchange fill model,not applicable to policy learning,"task return / value-estimation error, not net trading Sharpe",Quantile regression approximates the value distribution without fixed categorical support.,Later RL benchmark comparisons exist for established methods; no independent net crypto replication verified here,Tail estimation requires enough adverse outcomes and valid dynamics.,Not independently verified for this row; no code copied,No third-party code reused; verify before reuse,Benchmark-specific; no benchmark data redistributed,Tail estimation requires enough adverse outcomes and valid dynamics.,Sequential-control methodology; see candidate-scorecard.md,Research only; no adoption score inferred from published return,Monitor,primary source reviewed at 2026-09-17; calendar/cost claims limited to stated evidence
Implicit Quantile Networks for Distributional Reinforcement Learning,Dabney; Ostrovski; Silver; Munos,2018,ICML,,,,https://proceedings.mlr.press/v80/dabney18a.html,nonfinancial methodological benchmark,simulated actions,discounted reward / policy-value estimation; not a market-price forecast,episodic multi-step; one-step for contextual bandit,Atari,simulator transition; not market calendar frequency,not applicable to simulator trajectories,training/evaluation environments or fixed logged data; no financial chronological split,primary benchmark or theoretical result; repository requires chronological purged evaluation,no claim of financial point-in-time controls in nonfinancial benchmark,financial costs not modeled; repository-specific simulator required,environment transition law; no exchange fill model,not applicable to policy learning,"task return / value-estimation error, not net trading Sharpe",Sample quantile fractions to learn flexible return distributions.,Later RL benchmark comparisons exist for established methods; no independent net crypto replication verified here,Distortion risk policies still need external risk limits.,Not independently verified for this row; no code copied,No third-party code reused; verify before reuse,Benchmark-specific; no benchmark data redistributed,Distortion risk policies still need external risk limits.,Sequential-control methodology; see candidate-scorecard.md,Research only; no adoption score inferred from published return,Monitor,primary source reviewed at 2026-09-17; calendar/cost claims limited to stated evidence
Constrained Policy Optimization,Achiam; Held; Tamar; Abbeel,2017,ICML,,,,https://proceedings.mlr.press/v70/achiam17a.html,nonfinancial methodological benchmark,simulated actions,discounted reward / policy-value estimation; not a market-price forecast,episodic multi-step; one-step for contextual bandit,constrained simulated control,simulator transition; not market calendar frequency,not applicable to simulator trajectories,training/evaluation environments or fixed logged data; no financial chronological split,primary benchmark or theoretical result; repository requires chronological purged evaluation,no claim of financial point-in-time controls in nonfinancial benchmark,financial costs not modeled; repository-specific simulator required,environment transition law; no exchange fill model,not applicable to policy learning,"task return / value-estimation error, not net trading Sharpe",Trust-region constrained policy updates target expected-cost limits.,Later RL benchmark comparisons exist for established methods; no independent net crypto replication verified here,Expected constraints do not establish pathwise drawdown or permission invariants.,Not independently verified for this row; no code copied,No third-party code reused; verify before reuse,Benchmark-specific; no benchmark data redistributed,Expected constraints do not establish pathwise drawdown or permission invariants.,Sequential-control methodology; see candidate-scorecard.md,Research only; no adoption score inferred from published return,Monitor,primary source reviewed at 2026-09-17; calendar/cost claims limited to stated evidence
Risk-Sensitive and Robust Decision-Making: a CVaR Optimization Approach,Chow; Tamar; Mannor; Pavone,2015,NeurIPS,,1506.02188,,https://arxiv.org/abs/1506.02188,nonfinancial methodological benchmark,simulated actions,discounted reward / policy-value estimation; not a market-price forecast,episodic multi-step; one-step for contextual bandit,risk-sensitive MDP examples,simulator transition; not market calendar frequency,not applicable to simulator trajectories,training/evaluation environments or fixed logged data; no financial chronological split,primary benchmark or theoretical result; repository requires chronological purged evaluation,no claim of financial point-in-time controls in nonfinancial benchmark,financial costs not modeled; repository-specific simulator required,environment transition law; no exchange fill model,not applicable to policy learning,"task return / value-estimation error, not net trading Sharpe",Connect tail-cost objectives with robustness to transition perturbations.,Later RL benchmark comparisons exist for established methods; no independent net crypto replication verified here,Risk estimation and state augmentation assumptions matter.,Not independently verified for this row; no code copied,No third-party code reused; verify before reuse,Benchmark-specific; no benchmark data redistributed,Risk estimation and state augmentation assumptions matter.,Sequential-control methodology; see candidate-scorecard.md,Research only; no adoption score inferred from published return,Monitor,primary source reviewed at 2026-09-17; calendar/cost claims limited to stated evidence
Safe Reinforcement Learning via Shielding,Alshiekh; Bloem; Ehlers; Konighofer; Niekum; Topcu,2018,AAAI,,1708.08611,,https://arxiv.org/abs/1708.08611,nonfinancial methodological benchmark,simulated actions,discounted reward / policy-value estimation; not a market-price forecast,episodic multi-step; one-step for contextual bandit,formal safety control examples,simulator transition; not market calendar frequency,not applicable to simulator trajectories,training/evaluation environments or fixed logged data; no financial chronological split,primary benchmark or theoretical result; repository requires chronological purged evaluation,no claim of financial point-in-time controls in nonfinancial benchmark,financial costs not modeled; repository-specific simulator required,environment transition law; no exchange fill model,not applicable to policy learning,"task return / value-estimation error, not net trading Sharpe",An independent reactive shield filters unsafe policy actions.,Later RL benchmark comparisons exist for established methods; no independent net crypto replication verified here,Guarantees depend on correct transition abstraction and specified safe set.,Not independently verified for this row; no code copied,No third-party code reused; verify before reuse,Benchmark-specific; no benchmark data redistributed,Guarantees depend on correct transition abstraction and specified safe set.,Sequential-control methodology; see candidate-scorecard.md,Research only; no adoption score inferred from published return,Prototype,primary source reviewed at 2026-09-17; calendar/cost claims limited to stated evidence
Doubly Robust Off-policy Value Evaluation for Reinforcement Learning,Jiang; Li,2016,ICML,,,,https://proceedings.mlr.press/v48/jiang16.html,nonfinancial methodological benchmark,simulated actions,discounted reward / policy-value estimation; not a market-price forecast,episodic multi-step; one-step for contextual bandit,sequential policy evaluation,simulator transition; not market calendar frequency,not applicable to simulator trajectories,training/evaluation environments or fixed logged data; no financial chronological split,primary benchmark or theoretical result; repository requires chronological purged evaluation,no claim of financial point-in-time controls in nonfinancial benchmark,financial costs not modeled; repository-specific simulator required,environment transition law; no exchange fill model,not applicable to policy learning,"task return / value-estimation error, not net trading Sharpe",Combine value models with importance-weighted temporal residuals.,Later RL benchmark comparisons exist for established methods; no independent net crypto replication verified here,Long-horizon overlap and unknown propensities can destroy precision.,Not independently verified for this row; no code copied,No third-party code reused; verify before reuse,Benchmark-specific; no benchmark data redistributed,Long-horizon overlap and unknown propensities can destroy precision.,Sequential-control methodology; see candidate-scorecard.md,Research only; no adoption score inferred from published return,Prototype,primary source reviewed at 2026-09-17; calendar/cost claims limited to stated evidence
Data-Efficient Off-Policy Policy Evaluation for Reinforcement Learning,Thomas; Brunskill,2016,ICML,,,,https://proceedings.mlr.press/v48/thomasa16.html,nonfinancial methodological benchmark,simulated actions,discounted reward / policy-value estimation; not a market-price forecast,episodic multi-step; one-step for contextual bandit,policy evaluation benchmarks,simulator transition; not market calendar frequency,not applicable to simulator trajectories,training/evaluation environments or fixed logged data; no financial chronological split,primary benchmark or theoretical result; repository requires chronological purged evaluation,no claim of financial point-in-time controls in nonfinancial benchmark,financial costs not modeled; repository-specific simulator required,environment transition law; no exchange fill model,not applicable to policy learning,"task return / value-estimation error, not net trading Sharpe",Weighted estimators and model/importance combinations trade bias for variance.,Later RL benchmark comparisons exist for established methods; no independent net crypto replication verified here,"Disagreement is evidence of uncertainty, not a reason to select the favorable estimator.",Not independently verified for this row; no code copied,No third-party code reused; verify before reuse,Benchmark-specific; no benchmark data redistributed,"Disagreement is evidence of uncertainty, not a reason to select the favorable estimator.",Sequential-control methodology; see candidate-scorecard.md,Research only; no adoption score inferred from published return,Monitor,primary source reviewed at 2026-09-17; calendar/cost claims limited to stated evidence
Deep Reinforcement Learning that Matters,Henderson; Islam; Bachman; Pineau; Precup; Meger,2018,AAAI,,1709.06560,,https://arxiv.org/abs/1709.06560,nonfinancial methodological benchmark,simulated actions,discounted reward / policy-value estimation; not a market-price forecast,episodic multi-step; one-step for contextual bandit,continuous-control RL evaluation,simulator transition; not market calendar frequency,not applicable to simulator trajectories,training/evaluation environments or fixed logged data; no financial chronological split,primary benchmark or theoretical result; repository requires chronological purged evaluation,no claim of financial point-in-time controls in nonfinancial benchmark,financial costs not modeled; repository-specific simulator required,environment transition law; no exchange fill model,not applicable to policy learning,"task return / value-estimation error, not net trading Sharpe",Experimental choices and random seeds materially alter conclusions.,Later RL benchmark comparisons exist for established methods; no independent net crypto replication verified here,Small-seed algorithm rankings are unstable; finance adds regime uncertainty.,Not independently verified for this row; no code copied,No third-party code reused; verify before reuse,Benchmark-specific; no benchmark data redistributed,Small-seed algorithm rankings are unstable; finance adds regime uncertainty.,Sequential-control methodology; see candidate-scorecard.md,Research only; no adoption score inferred from published return,Prototype,primary source reviewed at 2026-09-17; calendar/cost claims limited to stated evidence
Deep Reinforcement Learning at the Edge of the Statistical Precipice,Agarwal; Schwarzer; Castro; Courville; Bellemare,2021,NeurIPS,,,,https://proceedings.neurips.cc/paper/2021/hash/f514cec81cb148559cf475e7426eed5e-Abstract.html,nonfinancial methodological benchmark,simulated actions,discounted reward / policy-value estimation; not a market-price forecast,episodic multi-step; one-step for contextual bandit,Atari; Procgen; control,simulator transition; not market calendar frequency,not applicable to simulator trajectories,training/evaluation environments or fixed logged data; no financial chronological split,primary benchmark or theoretical result; repository requires chronological purged evaluation,no claim of financial point-in-time controls in nonfinancial benchmark,financial costs not modeled; repository-specific simulator required,environment transition law; no exchange fill model,not applicable to policy learning,"task return / value-estimation error, not net trading Sharpe",Use uncertainty intervals and robust aggregate comparisons with few runs.,Later RL benchmark comparisons exist for established methods; no independent net crypto replication verified here,Benchmark-level bootstrap is not a substitute for time-series block inference.,https://github.com/google-research/rliable,No third-party code reused; verify before reuse,Benchmark-specific; no benchmark data redistributed,Benchmark-level bootstrap is not a substitute for time-series block inference.,Sequential-control methodology; see candidate-scorecard.md,Research only; no adoption score inferred from published return,Prototype,primary source reviewed at 2026-09-17; calendar/cost claims limited to stated evidence
Empirical Study of Off-Policy Policy Evaluation for Reinforcement Learning,Voloshin; Le; Jiang; Yue,2021,NeurIPS Datasets and Benchmarks,,,,https://datasets-benchmarks-proceedings.neurips.cc/paper_files/paper/2021/hash/a5e00132373a7031000fd987a3c9f87b-Abstract-round1.html,nonfinancial methodological benchmark,simulated actions,discounted reward / policy-value estimation; not a market-price forecast,episodic multi-step; one-step for contextual bandit,COBS benchmark,simulator transition; not market calendar frequency,not applicable to simulator trajectories,training/evaluation environments or fixed logged data; no financial chronological split,primary benchmark or theoretical result; repository requires chronological purged evaluation,no claim of financial point-in-time controls in nonfinancial benchmark,financial costs not modeled; repository-specific simulator required,environment transition law; no exchange fill model,not applicable to policy learning,"task return / value-estimation error, not net trading Sharpe",Stress estimator behavior across diverse logging and environment conditions.,Later RL benchmark comparisons exist for established methods; no independent net crypto replication verified here,No universally reliable estimator; unsupported policies remain unidentified.,Not independently verified for this row; no code copied,No third-party code reused; verify before reuse,Benchmark-specific; no benchmark data redistributed,No universally reliable estimator; unsupported policies remain unidentified.,Sequential-control methodology; see candidate-scorecard.md,Research only; no adoption score inferred from published return,Monitor,primary source reviewed at 2026-09-17; calendar/cost claims limited to stated evidence
When to Trust Your Model: Model-Based Policy Optimization,Janner; Fu; Zhang; Levine,2019,NeurIPS,,1906.08253,,https://arxiv.org/abs/1906.08253,nonfinancial methodological benchmark,simulated actions,discounted reward / policy-value estimation; not a market-price forecast,episodic multi-step; one-step for contextual bandit,continuous control,simulator transition; not market calendar frequency,not applicable to simulator trajectories,training/evaluation environments or fixed logged data; no financial chronological split,primary benchmark or theoretical result; repository requires chronological purged evaluation,no claim of financial point-in-time controls in nonfinancial benchmark,financial costs not modeled; repository-specific simulator required,environment transition law; no exchange fill model,not applicable to policy learning,"task return / value-estimation error, not net trading Sharpe",Short model rollouts limit compounding model error.,Later RL benchmark comparisons exist for established methods; no independent net crypto replication verified here,Unidentified financial dynamics can turn model error into reward.,Not independently verified for this row; no code copied,No third-party code reused; verify before reuse,Benchmark-specific; no benchmark data redistributed,Unidentified financial dynamics can turn model error into reward.,Sequential-control methodology; see candidate-scorecard.md,Research only; no adoption score inferred from published return,Reject,primary source reviewed at 2026-09-17; calendar/cost claims limited to stated evidence
Dream to Control: Learning Behaviors by Latent Imagination,Hafner; Lillicrap; Ba; Norouzi,2020,ICLR,,1912.01603,,https://arxiv.org/abs/1912.01603,nonfinancial methodological benchmark,simulated actions,discounted reward / policy-value estimation; not a market-price forecast,episodic multi-step; one-step for contextual bandit,visual control,simulator transition; not market calendar frequency,not applicable to simulator trajectories,training/evaluation environments or fixed logged data; no financial chronological split,primary benchmark or theoretical result; repository requires chronological purged evaluation,no claim of financial point-in-time controls in nonfinancial benchmark,financial costs not modeled; repository-specific simulator required,environment transition law; no exchange fill model,not applicable to policy learning,"task return / value-estimation error, not net trading Sharpe",Learn latent dynamics and optimize behavior through imagined trajectories.,Later RL benchmark comparisons exist for established methods; no independent net crypto replication verified here,A learned financial world model lacks validated causal impact here.,Not independently verified for this row; no code copied,No third-party code reused; verify before reuse,Benchmark-specific; no benchmark data redistributed,A learned financial world model lacks validated causal impact here.,Sequential-control methodology; see candidate-scorecard.md,Research only; no adoption score inferred from published return,Reject,primary source reviewed at 2026-09-17; calendar/cost claims limited to stated evidence
Flow Q-Learning,Park; Li; Levine,2025,ICML,,2502.02538,,https://arxiv.org/abs/2502.02538,nonfinancial methodological benchmark,simulated actions,discounted reward / policy-value estimation; not a market-price forecast,episodic multi-step; one-step for contextual bandit,offline RL benchmarks,simulator transition; not market calendar frequency,not applicable to simulator trajectories,training/evaluation environments or fixed logged data; no financial chronological split,primary benchmark or theoretical result; repository requires chronological purged evaluation,no claim of financial point-in-time controls in nonfinancial benchmark,financial costs not modeled; repository-specific simulator required,environment transition law; no exchange fill model,not applicable to policy learning,"task return / value-estimation error, not net trading Sharpe",Expressive flow policies combined with efficient value-based extraction.,Later RL benchmark comparisons exist for established methods; no independent net crypto replication verified here,Adds complexity without established crypto execution benefit.,Not independently verified for this row; no code copied,No third-party code reused; verify before reuse,Benchmark-specific; no benchmark data redistributed,Adds complexity without established crypto execution benefit.,Sequential-control methodology; see candidate-scorecard.md,Research only; no adoption score inferred from published return,Monitor,primary source reviewed at 2026-09-17; calendar/cost claims limited to stated evidence
Realistic Market Impact Modeling for Reinforcement Learning Trading Environments,Riera Abbade; Reali Costa,2026,arXiv,,2603.29086,,https://arxiv.org/abs/2603.29086,equities,cash equities,position/portfolio decisions,episodic multi-step; one-step for contextual bandit,NASDAQ-100 equity trading simulators,daily,not applicable to simulator trajectories,training/evaluation environments or fixed logged data; no financial chronological split,historical train/OOS comparisons and Optuna tuning; no independent replication verified,no claim of financial point-in-time controls in nonfinancial benchmark,fixed 10bp vs Almgren-Chriss and square-root sensitivity,environment transition law; no exchange fill model,not applicable to policy learning,out-of-sample return; Sharpe; turnover; costs,Changing impact models changes learned turnover and algorithm rankings.,Later RL benchmark comparisons exist for established methods; no independent net crypto replication verified here,Equity simulator and tuned costs are not a crypto fill validation.,Not independently verified for this row; no code copied,No third-party code reused; verify before reuse,Benchmark-specific; no benchmark data redistributed,Equity simulator and tuned costs are not a crypto fill validation.,Sequential-control methodology; see candidate-scorecard.md,Research only; no adoption score inferred from published return,Monitor,primary source reviewed at 2026-09-17; calendar/cost claims limited to stated evidence
Pretrained Time-Series Foundation Models for Financial Return Forecasting,Noguer I Alonso; Pereira Franklin,2026,arXiv,,2606.27100,,https://arxiv.org/abs/2606.27100,equities,cash equities,linear and log returns,daily forecasts under rolling origin,five liquid US equities; daily 2014-09-15 to 2026-02-15,daily,2014-09-15 to 2026-02-15,rolling origin with equalized context,primary benchmark or theoretical result; repository requires chronological purged evaluation,no claim of financial point-in-time controls in nonfinancial benchmark,not sufficient to establish net deployable PnL,environment transition law; no exchange fill model,predictive loss; one-sided Diebold-Mariano tests,no verified executable crypto PnL,Rolling-origin foundation-model comparisons show sparse gains over random walk.,Later RL benchmark comparisons exist for established methods; no independent net crypto replication verified here,Small universe; adjusted data and pretraining overlap; no established net crypto edge.,Not independently verified for this row; no code copied,No third-party code reused; verify before reuse,Benchmark-specific; no benchmark data redistributed,Small universe; adjusted data and pretraining overlap; no established net crypto edge.,Sequential-control methodology; see candidate-scorecard.md,Research only; no adoption score inferred from published return,Monitor,primary source reviewed at 2026-09-17; calendar/cost claims limited to stated evidence
Fast and Highly Expressive Policy Learning for Offline Reinforcement Learning via Bootstrapped Flow Q-Learning,Nguyen; Ton; Choe; Luu; Yoo,2026,arXiv,,2606.10613,,https://arxiv.org/abs/2606.10613,nonfinancial methodological benchmark,simulated actions,discounted reward / policy-value estimation; not a market-price forecast,episodic multi-step; one-step for contextual bandit,D4RL,simulator transition; not market calendar frequency,not applicable to simulator trajectories,training/evaluation environments or fixed logged data; no financial chronological split,primary benchmark or theoretical result; repository requires chronological purged evaluation,no claim of financial point-in-time controls in nonfinancial benchmark,financial costs not modeled; repository-specific simulator required,environment transition law; no exchange fill model,not applicable to policy learning,"task return / value-estimation error, not net trading Sharpe",Bootstrap short flow displacements into single-step action generation.,Later RL benchmark comparisons exist for established methods; no independent net crypto replication verified here,Recent preprint; independent replication and crypto transfer unestablished.,Not independently verified for this row; no code copied,No third-party code reused; verify before reuse,Benchmark-specific; no benchmark data redistributed,Recent preprint; independent replication and crypto transfer unestablished.,Sequential-control methodology; see candidate-scorecard.md,Research only; no adoption score inferred from published return,Monitor,primary source reviewed at 2026-09-17; calendar/cost claims limited to stated evidence
